provider,cache_key,status_code,response_json,created_at
musicbrainz,ffccd875ff19d8fb32e0191b4edd93ca5f6f1a398d64f3be7a9d401958ecf47d,200,"{""created"": ""2026-06-26T16:55:34.809Z"", ""count"": 0, ""offset"": 0, ""recordings"": []}",1782492934.344764
musicbrainz,d5e6d935bcbf7078d4fa6f6257eb357b36982db89f259915fe046938e1294573,200,"{""created"": ""2026-06-26T16:55:35.036Z"", ""count"": 0, ""offset"": 0, ""recordings"": []}",1782492934.5710468
musicbrainz,db9bef319c8264e050534757ce1675047cf486e959211e9f92105f66147ea766,200,"{""created"": ""2026-06-26T16:55:36.341Z"", ""count"": 2297455, ""offset"": 0, ""recordings"": [{""id"": ""c64386c5-7651-41e6-97db-68aa7c564855"", ""score"": 100, ""artist-credit-id"": ""cc6a39d0-0e6b-30c7-8c97-b4d1e19ec777"", ""title"": ""Divaria"", ""length"": 499866, ""video"": null, ""artist-credit"": [{""name"": ""Daz Nuance"", ""artist"": {""id"": ""f4c74dd2-bb89-4dfd-b752-e4549145ff68"", ""name"": ""Daz Nuance"", ""sort-name"": ""Daz Nuance""}}], ""releases"": [{""id"": ""33f9f6de-fc7c-485f-8756-f4d715545252"", ""status-id"": ""4e304316-386d-3409-af2e-78857eec5cfe"", ""count"": 1, ""title"": ""Daz goes Jaz"", ""status"": ""Official"", ""release-group"": {""id"": ""21eec2b8-d3c8-3cc7-8661-eefd588782ae"", ""type-id"": ""f529b476-6e62-324f-b0aa-1f3e33d313fc"", ""primary-type-id"": ""f529b476-6e62-324f-b0aa-1f3e33d313fc"", ""title"": ""Daz goes Jaz"", ""primary-type"": ""Album""}, ""track-count"": 12, ""media"": [{""id"": ""80d80066-9844-3302-8764-14a44a793511"", ""position"": 1, ""track"": [{""id"": ""6b1a5982-b96a-3ab4-a233-f767dec20757"", ""number"": ""2"", ""title"": ""Divaria"", ""length"": 499866}], ""track-count"": 12, ""track-offset"": 1}]}]}, {""id"": ""0ec2575f-ce9c-4d01-9ba2-4009157e01c5"", ""score"": 100, ""artist-credit-id"": ""cc6a39d0-0e6b-30c7-8c97-b4d1e19ec777"", ""title"": ""Divaria"", ""length"": 502573, ""video"": null, ""artist-credit"": [{""name"": ""Daz Nuance"", ""artist"": {""id"": ""f4c74dd2-bb89-4dfd-b752-e4549145ff68"", ""name"": ""Daz Nuance"", ""sort-name"": ""Daz Nuance""}}], ""first-release-date"": ""1996"", ""releases"": [{""id"": ""65faf36f-d548-4901-8fa9-fa9b59e63a82"", ""status-id"": ""4e304316-386d-3409-af2e-78857eec5cfe"", ""count"": 1, ""title"": ""Divaria"", ""status"": ""Official"", ""release-group"": {""id"": ""55ead654-ed74-4a67-9efe-f00d5efddb24"", ""type-id"": ""f529b476-6e62-324f-b0aa-1f3e33d313fc"", ""primary-type-id"": ""f529b476-6e62-324f-b0aa-1f3e33d313fc"", ""title"": ""Divaria"", ""primary-type"": ""Album""}, ""date"": ""1996"", ""country"": ""AU"", ""release-events"": [{""date"": ""1996"", ""area"": {""id"": ""106e0bec-b638-3b37-b731-f53d507dc00e"", ""name"": ""Australia"", ""sort-name"": ""Australia"", ""iso-3166-1-codes"": [""AU""]}}], ""track-count"": 13, ""media"": [{""id"": ""0adb684d-8c30-3dfb-8658-86349e52f139"", ""position"": 1, ""format"": ""CD"", ""track"": [{""id"": ""4ed15030-1105-4f88-a78f-9a856273c0f8"", ""number"": ""3"", ""title"": ""Divaria"", ""length"": 502573}], ""track-count"": 13, ""track-offset"": 2}]}]}, {""id"": ""a63d3456-d0a2-4950-9e12-e552c9d553eb"", ""score"": 100, ""artist-credit-id"": ""cc6a39d0-0e6b-30c7-8c97-b4d1e19ec777"", ""title"": ""Divaria"", ""length"": 502200, ""video"": null, ""artist-credit"": [{""name"": ""Daz Nuance"", ""artist"": {""id"": ""f4c74dd2-bb89-4dfd-b752-e4549145ff68"", ""name"": ""Daz Nuance"", ""sort-name"": ""Daz Nuance""}}], ""first-release-date"": ""1999"", ""releases"": [{""id"": ""d044d207-23df-49d9-bd41-205ecb744432"", ""status-id"": ""4e304316-386d-3409-af2e-78857eec5cfe"", ""count"": 1, ""title"": ""Divaria"", ""status"": ""Official"", ""release-group"": {""id"": ""55ead654-ed74-4a67-9efe-f00d5efddb24"", ""type-id"": ""f529b476-6e62-324f-b0aa-1f3e33d313fc"", ""primary-type-id"": ""f529b476-6e62-324f-b0aa-1f3e33d313fc"", ""title"": ""Divaria"", ""primary-type"": ""Album""}, ""date"": ""1999"", ""country"": ""AU"", ""release-events"": [{""date"": ""1999"", ""area"": {""id"": ""106e0bec-b638-3b37-b731-f53d507dc00e"", ""name"": ""Australia"", ""sort-name"": ""Australia"", ""iso-3166-1-codes"": [""AU""]}}, {""date"": ""1999"", ""area"": {""id"": ""8524c7d9-f472-3890-a458-f28d5081d9c4"", ""name"": ""New Zealand"", ""sort-name"": ""New Zealand"", ""iso-3166-1-codes"": [""NZ""]}}], ""track-count"": 11, ""media"": [{""id"": ""7d5ae8cb-ae79-3f33-8402-b05e83ef8722"", ""position"": 1, ""format"": ""CD"", ""track"": [{""id"": ""96de6708-93b3-4fa3-a084-284e2cdbfea4"", ""number"": ""3"", ""title"": ""Divaria"", ""length"": 502200}], ""track-count"": 11, ""track-offset"": 2}]}]}, {""id"": ""f8d7bb14-6895-4d84-ae8f-246d74f35bcb"", ""score"": 100, ""artist-credit-id"": ""cc6a39d0-0e6b-30c7-8c97-b4d1e19ec777"", ""title"": ""Divaria"", ""length"": 503000, ""video"": null, ""artist-credit"": [{""name"": ""Daz Nuance"", ""artist"": {""id"": ""f4c74dd2-bb89-4dfd-b752-e4549145ff68"", ""name"": ""Daz Nuance"", ""sort-name"": ""Daz Nuance""}}], ""first-release-date"": ""2005"", ""releases"": [{""id"": ""ff23d730-d5f3-47ee-b3f0-55a6181bfc1a"", ""status-id"": ""4e304316-386d-3409-af2e-78857eec5cfe"", ""count"": 1, ""title"": ""Divaria: Arias"", ""status"": ""Official"", ""release-group"": {""id"": ""79d4aefc-2a7a-4f94-b4ff-9264113257bf"", ""type-id"": ""f529b476-6e62-324f-b0aa-1f3e33d313fc"", ""primary-type-id"": ""f529b476-6e62-324f-b0aa-1f3e33d313fc"", ""title"": ""Divaria: Arias"", ""primary-type"": ""Album""}, ""date"": ""2005"", ""country"": ""AU"", ""release-events"": [{""date"": ""2005"", ""area"": {""id"": ""106e0bec-b638-3b37-b731-f53d507dc00e"", ""name"": ""Australia"", ""sort-name"": ""Australia"", ""iso-3166-1-codes"": [""AU""]}}], ""track-count"": 12, ""media"": [{""id"": ""33c0342a-55e8-48ba-8ce5-c3dd97194d1f"", ""position"": 1, ""format"": ""CD"", ""track"": [{""id"": ""e0a836d3-1c4f-4b3a-93e7-b0b2de6fb83c"", ""number"": ""7"", ""title"": ""Divaria"", ""length"": 503000}], ""track-count"": 12, ""track-offset"": 6}]}]}, {""id"": ""f47aeecd-d425-4b3f-9821-5fa9afe9b0ea"", ""score"": 88, ""artist-credit-id"": ""4efff908-4fb8-3ba4-bded-7a176d96c72b"", ""title"": ""Golden Hour"", ""length"": 308000, ""video"": null, ""artist-credit"": [{""name"": ""Prince Innocence"", ""artist"": {""id"": ""de33950e-302c-439f-bc54-ddae8e972da3"", ""name"": ""Prince Innocence"", ""sort-name"": ""Prince Innocence""}}], ""first-release-date"": ""2014-12-10"", ""releases"": [{""id"": ""218f1a4e-1c87-4dc1-adb9-e813c1eef1cd"", ""status-id"": ""4e304316-386d-3409-af2e-78857eec5cfe"", ""count"": 1, ""title"": ""Lapse - EP"", ""status"": ""Official"", ""release-group"": {""id"": ""27040f5f-ad05-4e46-8fb6-63f218482182"", ""type-id"": ""6d0c5bf6-7a33-3420-a519-44fc63eedebf"", ""primary-type-id"": ""6d0c5bf6-7a33-3420-a519-44fc63eedebf"", ""title"": ""Lapse - EP"", ""primary-type"": ""EP""}, ""date"": ""2014-12-10"", ""country"": ""XW"", ""release-events"": [{""date"": ""2014-12-10"", ""area"": {""id"": ""525d4e18-3d00-31b9-a58b-a146a916de8f"", ""name"": ""[Worldwide]"", ""sort-name"": ""[Worldwide]"", ""iso-3166-1-codes"": [""XW""]}}], ""track-count"": 6, ""media"": [{""id"": ""899b50b4-a0f4-3365-b395-cc47dcf7735c"", ""position"": 1, ""format"": ""Digital Media"", ""track"": [{""id"": ""0deed9f4-8791-415c-af0c-91030310d06f"", ""number"": ""2"", ""title"": ""Golden Hour"", ""length"": 308000}], ""track-count"": 6, ""track-offset"": 1}]}]}]}",1782492935.9314568
musicbrainz,fd89e5503bfc9ffc166e82f5fa57e65414c522ff32f9596aacbbf25e603d5ce1,200,"{""created"": ""2026-06-26T16:55:37.251Z"", ""count"": 0, ""offset"": 0, ""recordings"": []}",1782492936.786991
musicbrainz,e975ca517422de7b04b8d695d61943666ab20c0eb5a957b7dbb2b306eaa413c9,200,"{""created"": ""2026-06-26T16:55:38.450Z"", ""count"": 0, ""offset"": 0, ""recordings"": []}",1782492938.088655
musicbrainz,a10ae56d7a2af7dac0a1b4aad1fa242a70e924d86aa150da7b84e6bb4d5620cd,200,"{""created"": ""2026-06-26T16:55:40.040Z"", ""count"": 5458146, ""offset"": 0, ""recordings"": [{""id"": ""16460224-0901-44e3-9d57-acf8cc34e464"", ""score"": 100, ""artist-credit-id"": ""e4e74af5-3791-3f94-b450-5df93bd3a382"", ""title"": ""Navara"", ""length"": 177950, ""video"": null, ""artist-credit"": [{""name"": ""Power Nap"", ""artist"": {""id"": ""b1aadc97-9412-41cd-8569-44737407db24"", ""name"": ""Power Nap"", ""sort-name"": ""Power Nap"", ""disambiguation"": ""New Zealand electronic/vaporwave by Chris Cudby""}}], ""first-release-date"": ""2019-07-30"", ""releases"": [{""id"": ""0b3c966a-26e0-4f1c-bdb2-6b0c9bb5b635"", ""status-id"": ""4e304316-386d-3409-af2e-78857eec5cfe"", ""count"": 1, ""title"": ""Shaped Canvas"", ""status"": ""Official"", ""disambiguation"": ""bandcamp"", ""release-group"": {""id"": ""b33b36db-972f-4fd2-91b3-01dfca0a42f3"", ""type-id"": ""f529b476-6e62-324f-b0aa-1f3e33d313fc"", ""primary-type-id"": ""f529b476-6e62-324f-b0aa-1f3e33d313fc"", ""title"": ""Shaped Canvas"", ""primary-type"": ""Album""}, ""date"": ""2019-07-30"", ""country"": ""XW"", ""release-events"": [{""date"": ""2019-07-30"", ""area"": {""id"": ""525d4e18-3d00-31b9-a58b-a146a916de8f"", ""name"": ""[Worldwide]"", ""sort-name"": ""[Worldwide]"", ""iso-3166-1-codes"": [""XW""]}}], ""track-count"": 10, ""media"": [{""id"": ""cbefeb42-03b4-3bf0-8020-ac9ad218c209"", ""position"": 1, ""format"": ""Digital Media"", ""track"": [{""id"": ""30305361-5760-4a28-8ece-64af0e824793"", ""number"": ""8"", ""title"": ""Navara"", ""length"": 177950}], ""track-count"": 10, ""track-offset"": 7}]}]}, {""id"": ""3b7555ba-3441-4b31-9522-561583ac2bdc"", ""score"": 86, ""artist-credit-id"": ""e9becd23-8bf3-4aa2-a7bf-62921b8eb066"", ""title"": ""Navara Pursuit"", ""length"": 128027, ""video"": null, ""artist-credit"": [{""joinphrase"": "" & "", ""name"": ""Irène Drésel"", ""artist"": {""id"": ""e0b68b62-595d-4a51-8fa6-0c409e2731b3"", ""name"": ""Irène Drésel"", ""sort-name"": ""Drésel, Irène"", ""disambiguation"": ""French photograph and musician Irène Billard"", ""aliases"": [{""sort-name"": ""Billard, Irène"", ""type-id"": ""d4dcd0c0-b341-3612-a332-c0ce797b25cf"", ""name"": ""Irène Billard"", ""locale"": null, ""type"": ""Legal name"", ""primary"": null, ""begin-date"": null, ""end-date"": null}]}}, {""name"": ""Sizo del Givry"", ""artist"": {""id"": ""8b0e6d0c-e10b-41ad-977a-18eb4b7992d7"", ""name"": ""Sizo del Givry"", ""sort-name"": ""Givry, Sizo del"", ""disambiguation"": ""Gilles DEGIVRY // French electronic drummer and partner of Irene Dresel"", ""aliases"": [{""sort-name"": ""DEGIVRY, Gilles"", ""type-id"": ""d4dcd0c0-b341-3612-a332-c0ce797b25cf"", ""name"": ""Gilles DEGIVRY"", ""locale"": null, ""type"": ""Legal name"", ""primary"": null, ""begin-date"": null, ""end-date"": null}]}}], ""first-release-date"": ""2026-05-06"", ""releases"": [{""id"": ""8792b765-f42a-4f96-8826-0979a76c360d"", ""status-id"": ""4e304316-386d-3409-af2e-78857eec5cfe"", ""artist-credit-id"": ""e9becd23-8bf3-4aa2-a7bf-62921b8eb066"", ""count"": 1, ""title"": ""Mi Amor"", ""status"": ""Official"", ""artist-credit"": [{""joinphrase"": "" & "", ""name"": ""Irène Drésel"", ""artist"": {""id"": ""e0b68b62-595d-4a51-8fa6-0c409e2731b3"", ""name"": ""Irène Drésel"", ""sort-name"": ""Drésel, Irène"", ""disambiguation"": ""French photograph and musician Irène Billard""}}, {""name"": ""Sizo del Givry"", ""artist"": {""id"": ""8b0e6d0c-e10b-41ad-977a-18eb4b7992d7"", ""name"": ""Sizo del Givry"", ""sort-name"": ""Givry, Sizo del"", ""disambiguation"": ""Gilles DEGIVRY // French electronic drummer and partner of Irene Dresel""}}], ""release-group"": {""id"": ""b417c15f-411f-4425-aaec-04f349d6891e"", ""type-id"": ""22a628ad-c082-3c4f-b1b6-d41665107b88"", ""primary-type-id"": ""f529b476-6e62-324f-b0aa-1f3e33d313fc"", ""title"": ""Mi Amor"", ""primary-type"": ""Album"", ""secondary-types"": [""Soundtrack""], ""secondary-type-ids"": [""22a628ad-c082-3c4f-b1b6-d41665107b88""]}, ""date"": ""2026-05-06"", ""country"": ""XW"", ""release-events"": [{""date"": ""2026-05-06"", ""area"": {""id"": ""525d4e18-3d00-31b9-a58b-a146a916de8f"", ""name"": ""[Worldwide]"", ""sort-name"": ""[Worldwide]"", ""iso-3166-1-codes"": [""XW""]}}], ""track-count"": 35, ""media"": [{""id"": ""3430ce5d-10fc-447d-b29d-f324ebd4bc70"", ""position"": 1, ""format"": ""Digital Media"", ""track"": [{""id"": ""70c486cf-1c68-4432-9ada-bfd5604bfe1e"", ""number"": ""25"", ""title"": ""Navara Pursuit"", ""length"": 128027}], ""track-count"": 35, ""track-offset"": 24}]}], ""isrcs"": [""FR9W12612192""]}, {""id"": ""5f6c8ed3-7c95-410e-a1da-5376d5c394ef"", ""score"": 82, ""artist-credit-id"": ""2280f8f8-fd5a-349b-88db-742e64f26e99"", ""title"": ""Highpass"", ""length"": 253000, ""disambiguation"": ""part of “Joey Beltram - Live @ Womb” DJ‐mix"", ""video"": null, ""artist-credit"": [{""name"": ""Disko Kidz"", ""artist"": {""id"": ""2583f169-d281-43c1-8db4-80c17edd7925"", ""name"": ""Disko Kidz"", ""sort-name"": ""Disko Kidz""}}], ""first-release-date"": ""2005"", ""releases"": [{""id"": ""4297b118-af3a-4130-957a-5e10ee71155f"", ""status-id"": ""4e304316-386d-3409-af2e-78857eec5cfe"", ""artist-credit-id"": ""b8f530a4-f138-330c-af85-bb9a302ff60b"", ""count"": 1, ""title"": ""Live @ Womb"", ""status"": ""Official"", ""artist-credit"": [{""name"": ""Joey Beltram"", ""artist"": {""id"": ""5330d6d0-711b-415b-93e4-071e46d0d5f2"", ""name"": ""Joey Beltram"", ""sort-name"": ""Beltram, Joey""}}], ""release-group"": {""id"": ""5d152d7a-a18b-4913-8374-4af11e204c21"", ""type-id"": ""dd2a21e1-0c00-3729-a7a0-de60b84eb5d1"", ""primary-type-id"": ""f529b476-6e62-324f-b0aa-1f3e33d313fc"", ""title"": ""Live @ Womb"", ""primary-type"": ""Album"", ""secondary-types"": [""Compilation"", ""DJ-mix""], ""secondary-type-ids"": [""dd2a21e1-0c00-3729-a7a0-de60b84eb5d1"", ""0d47f47a-3fe5-3d69-ac9d-d566c23968bf""]}, ""date"": ""2005"", ""country"": ""DE"", ""release-events"": [{""date"": ""2005"", ""area"": {""id"": ""85752fda-13c4-31a3-bee5-0e5cb1f51dad"", ""name"": ""Germany"", ""sort-name"": ""Germany"", ""iso-3166-1-codes"": [""DE""]}}], ""track-count"": 19, ""media"": [{""id"": ""89ea583f-4944-3abd-a8a9-cd9b86d53e5e"", ""position"": 1, ""format"": ""CD"", ""track"": [{""id"": ""4b9bad07-3042-4604-94bf-cc498dc2d412"", ""number"": ""12"", ""title"": ""Highpass"", ""length"": 253000}], ""track-count"": 19, ""track-offset"": 11}]}, {""id"": ""2ff25d4e-b51d-4ba5-acae-fdf5ebb863d8"", ""status-id"": ""518ffc83-5cde-34df-8627-81bff5093d92"", ""artist-credit-id"": ""b8f530a4-f138-330c-af85-bb9a302ff60b"", ""count"": 1, ""title"": ""Live @ Womb"", ""status"": ""Promotion"", ""artist-credit"": [{""name"": ""Joey Beltram"", ""artist"": {""id"": ""5330d6d0-711b-415b-93e4-071e46d0d5f2"", ""name"": ""Joey Beltram"", ""sort-name"": ""Beltram, Joey""}}], ""release-group"": {""id"": ""5d152d7a-a18b-4913-8374-4af11e204c21"", ""type-id"": ""dd2a21e1-0c00-3729-a7a0-de60b84eb5d1"", ""primary-type-id"": ""f529b476-6e62-324f-b0aa-1f3e33d313fc"", ""title"": ""Live @ Womb"", ""primary-type"": ""Album"", ""secondary-types"": [""Compilation"", ""DJ-mix""], ""secondary-type-ids"": [""dd2a21e1-0c00-3729-a7a0-de60b84eb5d1"", ""0d47f47a-3fe5-3d69-ac9d-d566c23968bf""]}, ""date"": ""2005"", ""country"": ""DE"", ""release-events"": [{""date"": ""2005"", ""area"": {""id"": ""85752fda-13c4-31a3-bee5-0e5cb1f51dad"", ""name"": ""Germany"", ""sort-name"": ""Germany"", ""iso-3166-1-codes"": [""DE""]}}], ""track-count"": 19, ""media"": [{""id"": ""86fc2395-53a0-36a9-b78a-360345191a18"", ""position"": 1, ""format"": ""CD"", ""track"": [{""id"": ""ad454af6-997c-4455-b017-d6c083459775"", ""number"": ""12"", ""title"": ""Highpass"", ""length"": 253000}], ""track-count"": 19, ""track-offset"": 11}]}], ""tags"": [{""count"": 1, ""name"": ""electronic""}, {""count"": 1, ""name"": ""techno""}, {""count"": 1, ""name"": ""tech house""}, {""count"": 1, ""name"": ""hard house""}]}, {""id"": ""1f2fada8-6d1b-41f0-a3d8-2f2bdf8552fb"", ""score"": 74, ""artist-credit-id"": ""93044951-4d5f-369d-8c2c-a001a8ec9c87"", ""title"": ""Highpass"", ""length"": 303000, ""video"": null, ""artist-credit"": [{""name"": ""ChaseR"", ""artist"": {""id"": ""48ee5800-2b56-4602-9522-bf6eb5da9f41"", ""name"": ""ChaseR"", ""sort-name"": ""ChaseR"", ""disambiguation"": ""drum n bass producer"", ""aliases"": [{""sort-name"": ""Nikeshin, Igor"", ""name"": ""Igor Nikeshin"", ""locale"": null, ""type"": null, ""primary"": null, ""begin-date"": null, ""end-date"": null}, {""sort-name"": ""Sergeevich, Nikeshin Igor"", ""type-id"": ""d4dcd0c0-b341-3612-a332-c0ce797b25cf"", ""name"": ""Nikeshin Igor Sergeevich"", ""locale"": null, ""type"": ""Legal name"", ""primary"": null, ""begin-date"": null, ""end-date"": null}, {""sort-name"": ""ChaseR"", ""type-id"": ""894afba6-2816-3c24-8072-eadb66bd04bc"", ""name"": ""ChaseR"", ""locale"": null, ""type"": ""Artist name"", ""primary"": null, ""begin-date"": null, ""end-date"": null}, {""sort-name"": ""IgorChase"", ""type-id"": ""1937e404-b981-3cb7-8151-4c86ebfc8d8e"", ""name"": ""IgorChase"", ""locale"": null, ""type"": ""Search hint"", ""primary"": null, ""begin-date"": null, ""end-date"": null}]}}], ""first-release-date"": ""2016-03-25"", ""releases"": [{""id"": ""2d4f6b1e-19ef-4bc0-85b3-f4b6d638f48a"", ""status-id"": ""4e304316-386d-3409-af2e-78857eec5cfe"", ""artist-credit-id"": ""949a7fd5-fe73-3e8f-922e-01ff4ca958f7"", ""count"": 1, ""title"": ""Ignescent 002"", ""status"": ""Official"", ""artist-credit"": [{""name"": ""Various Artists"", ""artist"": {""id"": ""89ad4ac3-39f7-470e-963a-56509c546377"", ""name"": ""Various Artists"", ""sort-name"": ""Various Artists"", ""disambiguation"": ""add compilations to this artist""}}], ""release-group"": {""id"": ""8eeb0103-d644-47fa-8fc8-049daee0c3e5"", ""type-id"": ""6d0c5bf6-7a33-3420-a519-44fc63eedebf"", ""primary-type-id"": ""6d0c5bf6-7a33-3420-a519-44fc63eedebf"", ""title"": ""Ignescent 002"", ""primary-type"": ""EP""}, ""date"": ""2016-03-25"", ""country"": ""XW"", ""release-events"": [{""date"": ""2016-03-25"", ""area"": {""id"": ""525d4e18-3d00-31b9-a58b-a146a916de8f"", ""name"": ""[Worldwide]"", ""sort-name"": ""[Worldwide]"", ""iso-3166-1-codes"": [""XW""]}}], ""track-count"": 4, ""media"": [{""id"": ""921807d3-5dcf-3e38-8095-60b02ce17ae8"", ""position"": 1, ""format"": ""Digital Media"", ""track"": [{""id"": ""75a35d6a-43f5-466e-aa24-e4d154ee7275"", ""number"": ""2"", ""title"": ""Highpass"", ""length"": 303000}], ""track-count"": 4, ""track-offset"": 1}]}, {""id"": ""43c596fa-51d7-4d75-aab3-fa67c381dbee"", ""status-id"": ""4e304316-386d-3409-af2e-78857eec5cfe"", ""artist-credit-id"": ""949a7fd5-fe73-3e8f-922e-01ff4ca958f7"", ""count"": 1, ""title"": ""Ignescent Chronicles 001"", ""status"": ""Official"", ""artist-credit"": [{""name"": ""Various Artists"", ""artist"": {""id"": ""89ad4ac3-39f7-470e-963a-56509c546377"", ""name"": ""Various Artists"", ""sort-name"": ""Various Artists"", ""disambiguation"": ""add compilations to this artist""}}], ""release-group"": {""id"": ""f6b0288a-962b-436f-8fe3-b74074d6e144"", ""type-id"": ""dd2a21e1-0c00-3729-a7a0-de60b84eb5d1"", ""primary-type-id"": ""f529b476-6e62-324f-b0aa-1f3e33d313fc"", ""title"": ""Ignescent Chronicles 001"", ""primary-type"": ""Album"", ""secondary-types"": [""Compilation""], ""secondary-type-ids"": [""dd2a21e1-0c00-3729-a7a0-de60b84eb5d1""]}, ""date"": ""2017-04-02"", ""country"": ""XW"", ""release-events"": [{""date"": ""2017-04-02"", ""area"": {""id"": ""525d4e18-3d00-31b9-a58b-a146a916de8f"", ""name"": ""[Worldwide]"", ""sort-name"": ""[Worldwide]"", ""iso-3166-1-codes"": [""XW""]}}], ""track-count"": 10, ""media"": [{""id"": ""6d057e6e-a4cd-319e-a7df-648c885466ab"", ""position"": 1, ""format"": ""Digital Media"", ""track"": [{""id"": ""c43a15a9-e5b9-4a27-8e1a-90af8009b21b"", ""number"": ""3"", ""title"": ""Highpass"", ""length"": 303358}], ""track-count"": 10, ""track-offset"": 2}]}], ""isrcs"": [""GB8KE1554149"", ""GB8KE1652895""]}, {""id"": ""90cccdde-4594-4919-9c2a-1c315f62da62"", ""score"": 73, ""artist-credit-id"": ""5bf6ae46-c2f1-3f1a-bca1-54401fe4add3"", ""title"": ""Deep People"", ""length"": 182333, ""video"": null, ""artist-credit"": [{""name"": ""Jimmy Giuffre"", ""artist"": {""id"": ""a7bd6de6-1739-4927-93f0-693b1f8fed32"", ""name"": ""Jimmy Giuffre"", ""sort-name"": ""Giuffre, Jimmy"", ""disambiguation"": ""American jazz clarinetist/saxophonist and composer"", ""aliases"": [{""sort-name"": ""Giuffre, James Peter"", ""type-id"": ""d4dcd0c0-b341-3612-a332-c0ce797b25cf"", ""name"": ""James Peter Giuffre"", ""locale"": null, ""type"": ""Legal name"", ""primary"": null, ""begin-date"": null, ""end-date"": null}, {""sort-name"": ""Jimmy Guiffre"", ""name"": ""Jimmy Guiffre"", ""locale"": null, ""type"": null, ""primary"": null, ""begin-date"": null, ""end-date"": null}, {""sort-name"": ""Jimmy Guiffree"", ""name"": ""Jimmy Guiffree"", ""locale"": null, ""type"": null, ""primary"": null, ""begin-date"": null, ""end-date"": null}]}}], ""first-release-date"": ""2002"", ""releases"": [{""id"": ""237bb9bf-c952-431f-89a1-a504877f1230"", ""status-id"": ""4e304316-386d-3409-af2e-78857eec5cfe"", ""artist-credit-id"": ""5bf6ae46-c2f1-3f1a-bca1-54401fe4add3"", ""count"": 1, ""title"": ""Complete 1947 - 1952 Master Takes"", ""status"": ""Official"", ""artist-credit"": [{""name"": ""Jimmy Giuffre"", ""artist"": {""id"": ""a7bd6de6-1739-4927-93f0-693b1f8fed32"", ""name"": ""Jimmy Giuffre"", ""sort-name"": ""Giuffre, Jimmy"", ""disambiguation"": ""American jazz clarinetist/saxophonist and composer""}}], ""release-group"": {""id"": ""57f8a556-4c19-48aa-b65c-51d8078f766e"", ""type-id"": ""dd2a21e1-0c00-3729-a7a0-de60b84eb5d1"", ""primary-type-id"": ""f529b476-6e62-324f-b0aa-1f3e33d313fc"", ""title"": ""Complete 1947 - 1952 Master Takes"", ""primary-type"": ""Album"", ""secondary-types"": [""Compilation""], ""secondary-type-ids"": [""dd2a21e1-0c00-3729-a7a0-de60b84eb5d1""]}, ""date"": ""2002"", ""country"": ""ES"", ""release-events"": [{""date"": ""2002"", ""area"": {""id"": ""471c46a7-afc5-31c4-923c-d0444f5053a4"", ""name"": ""Spain"", ""sort-name"": ""Spain"", ""iso-3166-1-codes"": [""ES""]}}], ""track-count"": 22, ""media"": [{""id"": ""ca73a4f8-3269-3b7a-b9ed-babc42d28a02"", ""position"": 1, ""format"": ""CD"", ""track"": [{""id"": ""06e7cb13-57a0-4279-9d02-e306b1e645bf"", ""number"": ""12"", ""title"": ""Deep People"", ""length"": 182333}], ""track-count"": 22, ""track-offset"": 11}]}]}]}",1782492939.5768123
itunes,9dab0f7848c0ed73d08eaaa21a811db515cedecb9442872890e75f24bf772d41,200,"{""resultCount"": 0, ""results"": []}",1782724981.2180977
deezer,9c054271cbfd5a92a4a2b366a36066e3882e46094bbef7d28c3ee526f9accf8e,200,"{""data"": [], ""total"": 0}",1782724981.9793916
itunes,b4f85347d5d8156fd13829315588843346157845bfdd6dfde4f2af1638cacba0,200,"{""resultCount"": 5, ""results"": [{""wrapperType"": ""track"", ""kind"": ""song"", ""artistId"": 1450184159, ""collectionId"": 1511636073, ""trackId"": 1511636303, ""artistName"": ""Navara"", ""collectionName"": ""2 People - Single"", ""trackName"": ""2 People (Highpass Deep Mix)"", ""collectionCensoredName"": ""2 People - Single"", ""trackCensoredName"": ""2 People (Highpass Deep Mix)"", ""artistViewUrl"": ""https://music.apple.com/us/artist/navara/1450184159?uo=4"", ""collectionViewUrl"": ""https://music.apple.com/us/album/2-people-highpass-deep-mix/1511636073?i=1511636303&uo=4"", ""trackViewUrl"": ""https://music.apple.com/us/album/2-people-highpass-deep-mix/1511636073?i=1511636303&uo=4"", ""previewUrl"": ""https://audio-ssl.itunes.apple.com/itunes-assets/AudioPreview115/v4/f6/f3/53/f6f353a2-7b69-a20e-93d2-00c1e99022fe/mzaf_3653947859248532775.plus.aac.p.m4a"", ""artworkUrl30"": ""https://is1-ssl.mzstatic.com/image/thumb/Music123/v4/c9/95/ac/c995acab-5ab0-2fab-1860-70337eb58b06/cover.jpg/30x30bb.jpg"", ""artworkUrl60"": ""https://is1-ssl.mzstatic.com/image/thumb/Music123/v4/c9/95/ac/c995acab-5ab0-2fab-1860-70337eb58b06/cover.jpg/60x60bb.jpg"", ""artworkUrl100"": ""https://is1-ssl.mzstatic.com/image/thumb/Music123/v4/c9/95/ac/c995acab-5ab0-2fab-1860-70337eb58b06/cover.jpg/100x100bb.jpg"", ""collectionPrice"": 1.99, ""trackPrice"": 1.29, ""releaseDate"": ""2020-05-13T12:00:00Z"", ""collectionExplicitness"": ""notExplicit"", ""trackExplicitness"": ""notExplicit"", ""discCount"": 1, ""discNumber"": 1, ""trackCount"": 2, ""trackNumber"": 1, ""trackTimeMillis"": 185739, ""country"": ""USA"", ""currency"": ""USD"", ""primaryGenreName"": ""House"", ""isStreamable"": true}, {""wrapperType"": ""track"", ""kind"": ""song"", ""artistId"": 1450184159, ""collectionId"": 1515289234, ""trackId"": 1515289540, ""artistName"": ""Navara"", ""collectionName"": ""Feeling Deep, Vol. 2 (Best of Vocal Deep House - Chillout Set)"", ""trackName"": ""2 People (Highpass Deep Mix)"", ""collectionCensoredName"": ""Feeling Deep, Vol. 2 (Best of Vocal Deep House - Chillout Set)"", ""trackCensoredName"": ""2 People (Highpass Deep Mix)"", ""collectionArtistId"": 36270, ""collectionArtistName"": ""Various Artists"", ""artistViewUrl"": ""https://music.apple.com/us/artist/navara/1450184159?uo=4"", ""collectionViewUrl"": ""https://music.apple.com/us/album/2-people-highpass-deep-mix/1515289234?i=1515289540&uo=4"", ""trackViewUrl"": ""https://music.apple.com/us/album/2-people-highpass-deep-mix/1515289234?i=1515289540&uo=4"", ""previewUrl"": ""https://audio-ssl.itunes.apple.com/itunes-assets/AudioPreview125/v4/9a/ef/9e/9aef9eb2-1254-27e7-c5bd-c8d84aad4f23/mzaf_18157995841012154060.plus.aac.p.m4a"", ""artworkUrl30"": ""https://is1-ssl.mzstatic.com/image/thumb/Music113/v4/b0/f9/03/b0f903ee-895b-54f9-8250-e8dcfea1988b/8020506206104.png/30x30bb.jpg"", ""artworkUrl60"": ""https://is1-ssl.mzstatic.com/image/thumb/Music113/v4/b0/f9/03/b0f903ee-895b-54f9-8250-e8dcfea1988b/8020506206104.png/60x60bb.jpg"", ""artworkUrl100"": ""https://is1-ssl.mzstatic.com/image/thumb/Music113/v4/b0/f9/03/b0f903ee-895b-54f9-8250-e8dcfea1988b/8020506206104.png/100x100bb.jpg"", ""collectionPrice"": 7.99, ""trackPrice"": 0.99, ""releaseDate"": ""2020-05-13T12:00:00Z"", ""collectionExplicitness"": ""notExplicit"", ""trackExplicitness"": ""notExplicit"", ""discCount"": 1, ""discNumber"": 1, ""trackCount"": 30, ""trackNumber"": 3, ""trackTimeMillis"": 185739, ""country"": ""USA"", ""currency"": ""USD"", ""primaryGenreName"": ""Dance"", ""isStreamable"": true}, {""wrapperType"": ""track"", ""kind"": ""song"", ""artistId"": 1450184159, ""collectionId"": 1512807252, ""trackId"": 1512807253, ""artistName"": ""Navara"", ""collectionName"": ""Deep on the Beach, Vol. 2 (Best of Chill & Deep House)"", ""trackName"": ""2 People (Highpass Deep Mix)"", ""collectionCensoredName"": ""Deep on the Beach, Vol. 2 (Best of Chill & Deep House)"", ""trackCensoredName"": ""2 People (Highpass Deep Mix)"", ""collectionArtistId"": 36270, ""collectionArtistName"": ""Various Artists"", ""artistViewUrl"": ""https://music.apple.com/us/artist/navara/1450184159?uo=4"", ""collectionViewUrl"": ""https://music.apple.com/us/album/2-people-highpass-deep-mix/1512807252?i=1512807253&uo=4"", ""trackViewUrl"": ""https://music.apple.com/us/album/2-people-highpass-deep-mix/1512807252?i=1512807253&uo=4"", ""previewUrl"": ""https://audio-ssl.itunes.apple.com/itunes-assets/AudioPreview115/v4/a3/c8/ac/a3c8acba-26eb-80f0-fdb3-7d1482fee2bb/mzaf_14152034963275263018.plus.aac.p.m4a"", ""artworkUrl30"": ""https://is1-ssl.mzstatic.com/image/thumb/Music113/v4/5b/13/48/5b1348c7-210d-4c54-f90a-21ae60f4b651/8020506206098.png/30x30bb.jpg"", ""artworkUrl60"": ""https://is1-ssl.mzstatic.com/image/thumb/Music113/v4/5b/13/48/5b1348c7-210d-4c54-f90a-21ae60f4b651/8020506206098.png/60x60bb.jpg"", ""artworkUrl100"": ""https://is1-ssl.mzstatic.com/image/thumb/Music113/v4/5b/13/48/5b1348c7-210d-4c54-f90a-21ae60f4b651/8020506206098.png/100x100bb.jpg"", ""collectionPrice"": 5.99, ""trackPrice"": 0.99, ""releaseDate"": ""2020-05-13T12:00:00Z"", ""collectionExplicitness"": ""notExplicit"", ""trackExplicitness"": ""notExplicit"", ""discCount"": 1, ""discNumber"": 1, ""trackCount"": 25, ""trackNumber"": 1, ""trackTimeMillis"": 185739, ""country"": ""USA"", ""currency"": ""USD"", ""primaryGenreName"": ""Dance"", ""isStreamable"": true}, {""wrapperType"": ""track"", ""kind"": ""song"", ""artistId"": 1450184159, ""collectionId"": 1511636073, ""trackId"": 1511636310, ""artistName"": ""Navara"", ""collectionName"": ""2 People - Single"", ""trackName"": ""2 People (Highpass Deep Extended)"", ""collectionCensoredName"": ""2 People - Single"", ""trackCensoredName"": ""2 People (Highpass Deep Extended)"", ""artistViewUrl"": ""https://music.apple.com/us/artist/navara/1450184159?uo=4"", ""collectionViewUrl"": ""https://music.apple.com/us/album/2-people-highpass-deep-extended/1511636073?i=1511636310&uo=4"", ""trackViewUrl"": ""https://music.apple.com/us/album/2-people-highpass-deep-extended/1511636073?i=1511636310&uo=4"", ""previewUrl"": ""https://audio-ssl.itunes.apple.com/itunes-assets/AudioPreview115/v4/43/eb/b0/43ebb00b-ea3e-d0c7-8ea1-e4d3c5f5b3e5/mzaf_4405262985381244918.plus.aac.p.m4a"", ""artworkUrl30"": ""https://is1-ssl.mzstatic.com/image/thumb/Music123/v4/c9/95/ac/c995acab-5ab0-2fab-1860-70337eb58b06/cover.jpg/30x30bb.jpg"", ""artworkUrl60"": ""https://is1-ssl.mzstatic.com/image/thumb/Music123/v4/c9/95/ac/c995acab-5ab0-2fab-1860-70337eb58b06/cover.jpg/60x60bb.jpg"", ""artworkUrl100"": ""https://is1-ssl.mzstatic.com/image/thumb/Music123/v4/c9/95/ac/c995acab-5ab0-2fab-1860-70337eb58b06/cover.jpg/100x100bb.jpg"", ""collectionPrice"": 1.99, ""trackPrice"": 1.29, ""releaseDate"": ""2020-05-13T12:00:00Z"", ""collectionExplicitness"": ""notExplicit"", ""trackExplicitness"": ""notExplicit"", ""discCount"": 1, ""discNumber"": 1, ""trackCount"": 2, ""trackNumber"": 2, ""trackTimeMillis"": 344762, ""country"": ""USA"", ""currency"": ""USD"", ""primaryGenreName"": ""House"", ""isStreamable"": true}, {""wrapperType"": ""track"", ""kind"": ""song"", ""artistId"": 1450184159, ""collectionId"": 1604316258, ""trackId"": 1604316274, ""artistName"": ""Navara"", ""collectionName"": ""House Relax, Vol. 10 (Sunset Deep Session)"", ""trackName"": ""2 People (Highpass Deep Mix)"", ""collectionCensoredName"": ""House Relax, Vol. 10 (Sunset Deep Session)"", ""trackCensoredName"": ""2 People (Highpass Deep Mix)"", ""collectionArtistId"": 36270, ""collectionArtistName"": ""Various Artists"", ""artistViewUrl"": ""https://music.apple.com/us/artist/navara/1450184159?uo=4"", ""collectionViewUrl"": ""https://music.apple.com/us/album/2-people-highpass-deep-mix/1604316258?i=1604316274&uo=4"", ""trackViewUrl"": ""https://music.apple.com/us/album/2-people-highpass-deep-mix/1604316258?i=1604316274&uo=4"", ""previewUrl"": ""https://audio-ssl.itunes.apple.com/itunes-assets/AudioPreview126/v4/66/6a/80/666a80d4-21ef-0fad-b682-fa668500a63d/mzaf_8563835293801605314.plus.aac.p.m4a"", ""artworkUrl30"": ""https://is1-ssl.mzstatic.com/image/thumb/Music116/v4/cb/ab/69/cbab6937-22ca-798a-cc45-54fdf1b0d11d/8020506226010.png/30x30bb.jpg"", ""artworkUrl60"": ""https://is1-ssl.mzstatic.com/image/thumb/Music116/v4/cb/ab/69/cbab6937-22ca-798a-cc45-54fdf1b0d11d/8020506226010.png/60x60bb.jpg"", ""artworkUrl100"": ""https://is1-ssl.mzstatic.com/image/thumb/Music116/v4/cb/ab/69/cbab6937-22ca-798a-cc45-54fdf1b0d11d/8020506226010.png/100x100bb.jpg"", ""collectionPrice"": 7.99, ""trackPrice"": 1.29, ""releaseDate"": ""2020-05-13T12:00:00Z"", ""collectionExplicitness"": ""notExplicit"", ""trackExplicitness"": ""notExplicit"", ""discCount"": 1, ""discNumber"": 1, ""trackCount"": 30, ""trackNumber"": 14, ""trackTimeMillis"": 185739, ""country"": ""USA"", ""currency"": ""USD"", ""primaryGenreName"": ""Dance"", ""isStreamable"": true}]}",1782724994.3719049
deezer,853603e294fcece40b3965045eda4ee7ddb5da04ed352560bd0bc11fd5bdcaee,200,"{""data"": [{""id"": 950330862, ""readable"": true, ""title"": ""2 People (Highpass Deep Mix)"", ""title_short"": ""2 People"", ""title_version"": ""(Highpass Deep Mix)"", ""isrc"": ""ITAD82000076"", ""link"": ""https://www.deezer.com/track/950330862"", ""duration"": 185, ""rank"": 119712, ""explicit_lyrics"": false, ""explicit_content_lyrics"": 0, ""explicit_content_cover"": 2, ""preview"": ""https://cdnt-preview.dzcdn.net/api/1/1/1/5/4/0/154da7d896b24d11781a4cadf576b1d2.mp3?hdnea=exp=1782725894~acl=/api/1/1/1/5/4/0/154da7d896b24d11781a4cadf576b1d2.mp3*~data=user_id=0,application_id=42~hmac=7d0f885de5540196e2e145b5425387fc119000b7a3538bad03007b22709935a2"", ""md5_image"": ""6dfba700623f9a9234ff6111a861dd4d"", ""artist"": {""id"": 57949822, ""name"": ""Navara"", ""link"": ""https://www.deezer.com/artist/57949822"", ""picture"": ""https://api.deezer.com/artist/57949822/image"", ""picture_small"": ""https://cdn-images.dzcdn.net/images/artist/def36667c7222b95e2b8cd557817af48/56x56-000000-80-0-0.jpg"", ""picture_medium"": ""https://cdn-images.dzcdn.net/images/artist/def36667c7222b95e2b8cd557817af48/250x250-000000-80-0-0.jpg"", ""picture_big"": ""https://cdn-images.dzcdn.net/images/artist/def36667c7222b95e2b8cd557817af48/500x500-000000-80-0-0.jpg"", ""picture_xl"": ""https://cdn-images.dzcdn.net/images/artist/def36667c7222b95e2b8cd557817af48/1000x1000-000000-80-0-0.jpg"", ""tracklist"": ""https://api.deezer.com/artist/57949822/top?limit=50"", ""type"": ""artist""}, ""album"": {""id"": 146194852, ""title"": ""2 People"", ""cover"": ""https://api.deezer.com/album/146194852/image"", ""cover_small"": ""https://cdn-images.dzcdn.net/images/cover/6dfba700623f9a9234ff6111a861dd4d/56x56-000000-80-0-0.jpg"", ""cover_medium"": ""https://cdn-images.dzcdn.net/images/cover/6dfba700623f9a9234ff6111a861dd4d/250x250-000000-80-0-0.jpg"", ""cover_big"": ""https://cdn-images.dzcdn.net/images/cover/6dfba700623f9a9234ff6111a861dd4d/500x500-000000-80-0-0.jpg"", ""cover_xl"": ""https://cdn-images.dzcdn.net/images/cover/6dfba700623f9a9234ff6111a861dd4d/1000x1000-000000-80-0-0.jpg"", ""md5_image"": ""6dfba700623f9a9234ff6111a861dd4d"", ""tracklist"": ""https://api.deezer.com/album/146194852/tracks"", ""type"": ""album""}, ""type"": ""track""}], ""total"": 1}",1782724994.6398613
deezer,0a12e66a944065b213349819350f11c831116e28846f35cebe81bb6c246cb099,200,"{""id"": 146194852, ""title"": ""2 People"", ""upc"": ""3616405575257"", ""link"": ""https://www.deezer.com/album/146194852"", ""share"": ""https://www.deezer.com/album/146194852?utm_source=deezer&utm_content=album-146194852&utm_term=0_1782724994&utm_medium=web"", ""cover"": ""https://api.deezer.com/album/146194852/image"", ""cover_small"": ""https://cdn-images.dzcdn.net/images/cover/6dfba700623f9a9234ff6111a861dd4d/56x56-000000-80-0-0.jpg"", ""cover_medium"": ""https://cdn-images.dzcdn.net/images/cover/6dfba700623f9a9234ff6111a861dd4d/250x250-000000-80-0-0.jpg"", ""cover_big"": ""https://cdn-images.dzcdn.net/images/cover/6dfba700623f9a9234ff6111a861dd4d/500x500-000000-80-0-0.jpg"", ""cover_xl"": ""https://cdn-images.dzcdn.net/images/cover/6dfba700623f9a9234ff6111a861dd4d/1000x1000-000000-80-0-0.jpg"", ""md5_image"": ""6dfba700623f9a9234ff6111a861dd4d"", ""genre_id"": 106, ""genres"": {""data"": [{""id"": 106, ""name"": ""Electro"", ""picture"": ""https://api.deezer.com/genre/106/image"", ""type"": ""genre""}, {""id"": 111, ""name"": ""Techno/House"", ""picture"": ""https://api.deezer.com/genre/111/image"", ""type"": ""genre""}, {""id"": 113, ""name"": ""Dance"", ""picture"": ""https://api.deezer.com/genre/113/image"", ""type"": ""genre""}]}, ""label"": ""Beat Boutique"", ""nb_tracks"": 2, ""duration"": 529, ""fans"": 2, ""release_date"": ""2020-05-13"", ""record_type"": ""single"", ""available"": true, ""tracklist"": ""https://api.deezer.com/album/146194852/tracks"", ""explicit_lyrics"": false, ""explicit_content_lyrics"": 0, ""explicit_content_cover"": 2, ""contributors"": [{""id"": 57949822, ""name"": ""Navara"", ""link"": ""https://www.deezer.com/artist/57949822"", ""share"": ""https://www.deezer.com/artist/57949822?utm_source=deezer&utm_content=artist-57949822&utm_term=0_1782724994&utm_medium=web"", ""picture"": ""https://api.deezer.com/artist/57949822/image"", ""picture_small"": ""https://cdn-images.dzcdn.net/images/artist/def36667c7222b95e2b8cd557817af48/56x56-000000-80-0-0.jpg"", ""picture_medium"": ""https://cdn-images.dzcdn.net/images/artist/def36667c7222b95e2b8cd557817af48/250x250-000000-80-0-0.jpg"", ""picture_big"": ""https://cdn-images.dzcdn.net/images/artist/def36667c7222b95e2b8cd557817af48/500x500-000000-80-0-0.jpg"", ""picture_xl"": ""https://cdn-images.dzcdn.net/images/artist/def36667c7222b95e2b8cd557817af48/1000x1000-000000-80-0-0.jpg"", ""radio"": true, ""tracklist"": ""https://api.deezer.com/artist/57949822/top?limit=50"", ""type"": ""artist"", ""role"": ""Main""}], ""artist"": {""id"": 57949822, ""name"": ""Navara"", ""picture"": ""https://api.deezer.com/artist/57949822/image"", ""picture_small"": ""https://cdn-images.dzcdn.net/images/artist/def36667c7222b95e2b8cd557817af48/56x56-000000-80-0-0.jpg"", ""picture_medium"": ""https://cdn-images.dzcdn.net/images/artist/def36667c7222b95e2b8cd557817af48/250x250-000000-80-0-0.jpg"", ""picture_big"": ""https://cdn-images.dzcdn.net/images/artist/def36667c7222b95e2b8cd557817af48/500x500-000000-80-0-0.jpg"", ""picture_xl"": ""https://cdn-images.dzcdn.net/images/artist/def36667c7222b95e2b8cd557817af48/1000x1000-000000-80-0-0.jpg"", ""tracklist"": ""https://api.deezer.com/artist/57949822/top?limit=50"", ""type"": ""artist""}, ""type"": ""album"", ""tracks"": {""data"": [{""id"": 950330862, ""readable"": true, ""title"": ""2 People (Highpass Deep Mix)"", ""title_short"": ""2 People"", ""title_version"": ""(Highpass Deep Mix)"", ""link"": ""https://www.deezer.com/track/950330862"", ""duration"": 185, ""rank"": 119712, ""explicit_lyrics"": false, ""explicit_content_lyrics"": 0, ""explicit_content_cover"": 2, ""preview"": ""https://cdnt-preview.dzcdn.net/api/1/1/1/5/4/0/154da7d896b24d11781a4cadf576b1d2.mp3?hdnea=exp=1782725894~acl=/api/1/1/1/5/4/0/154da7d896b24d11781a4cadf576b1d2.mp3*~data=user_id=0,application_id=42~hmac=7d0f885de5540196e2e145b5425387fc119000b7a3538bad03007b22709935a2"", ""md5_image"": ""6dfba700623f9a9234ff6111a861dd4d"", ""artist"": {""id"": 57949822, ""name"": ""Navara"", ""tracklist"": ""https://api.deezer.com/artist/57949822/top?limit=50"", ""type"": ""artist""}, ""album"": {""id"": 146194852, ""title"": ""2 People"", ""cover"": ""https://api.deezer.com/album/146194852/image"", ""cover_small"": ""https://cdn-images.dzcdn.net/images/cover/6dfba700623f9a9234ff6111a861dd4d/56x56-000000-80-0-0.jpg"", ""cover_medium"": ""https://cdn-images.dzcdn.net/images/cover/6dfba700623f9a9234ff6111a861dd4d/250x250-000000-80-0-0.jpg"", ""cover_big"": ""https://cdn-images.dzcdn.net/images/cover/6dfba700623f9a9234ff6111a861dd4d/500x500-000000-80-0-0.jpg"", ""cover_xl"": ""https://cdn-images.dzcdn.net/images/cover/6dfba700623f9a9234ff6111a861dd4d/1000x1000-000000-80-0-0.jpg"", ""md5_image"": ""6dfba700623f9a9234ff6111a861dd4d"", ""tracklist"": ""https://api.deezer.com/album/146194852/tracks"", ""type"": ""album""}, ""type"": ""track""}, {""id"": 950330872, ""readable"": true, ""title"": ""2 People (Highpass Deep Extended)"", ""title_short"": ""2 People"", ""title_version"": ""(Highpass Deep Extended)"", ""link"": ""https://www.deezer.com/track/950330872"", ""duration"": 344, ""rank"": 24996, ""explicit_lyrics"": false, ""explicit_content_lyrics"": 0, ""explicit_content_cover"": 2, ""preview"": ""https://cdnt-preview.dzcdn.net/api/1/1/6/a/1/0/6a1c1d3a103d2eaee878c086223e995d.mp3?hdnea=exp=1782725894~acl=/api/1/1/6/a/1/0/6a1c1d3a103d2eaee878c086223e995d.mp3*~data=user_id=0,application_id=42~hmac=8b72b11041b9df3dca198c45c6f9c5a3bbe5b8967c23d9411c8b78da39e21a14"", ""md5_image"": ""6dfba700623f9a9234ff6111a861dd4d"", ""artist"": {""id"": 57949822, ""name"": ""Navara"", ""tracklist"": ""https://api.deezer.com/artist/57949822/top?limit=50"", ""type"": ""artist""}, ""album"": {""id"": 146194852, ""title"": ""2 People"", ""cover"": ""https://api.deezer.com/album/146194852/image"", ""cover_small"": ""https://cdn-images.dzcdn.net/images/cover/6dfba700623f9a9234ff6111a861dd4d/56x56-000000-80-0-0.jpg"", ""cover_medium"": ""https://cdn-images.dzcdn.net/images/cover/6dfba700623f9a9234ff6111a861dd4d/250x250-000000-80-0-0.jpg"", ""cover_big"": ""https://cdn-images.dzcdn.net/images/cover/6dfba700623f9a9234ff6111a861dd4d/500x500-000000-80-0-0.jpg"", ""cover_xl"": ""https://cdn-images.dzcdn.net/images/cover/6dfba700623f9a9234ff6111a861dd4d/1000x1000-000000-80-0-0.jpg"", ""md5_image"": ""6dfba700623f9a9234ff6111a861dd4d"", ""tracklist"": ""https://api.deezer.com/album/146194852/tracks"", ""type"": ""album""}, ""type"": ""track""}]}}",1782724994.84017
wikidata,f5e704c4f8829980a3890490eabe82b238f53e7efd7a8e08eda3cdd73671bfb4,200,"{""searchinfo"": {""search"": ""217HALO - Golden Hour [Official Music Video] divaria""}, ""search"": [], ""success"": 1}",1782725036.098913
wikidata,5b7f5dd212592276949e6db44be7452ff8fb9a1aed99f956493f7925bd7c5b1d,200,"{""searchinfo"": {""search"": ""2 People - Highpass Deep Mix Navara""}, ""search"": [], ""success"": 1}",1782725047.6676118
itunes,815209d0bf47f359b95a6b5057d16518cecfbcd80083ae7345cf0aa43c6f2c68,200,"{""resultCount"": 5, ""results"": [{""wrapperType"": ""track"", ""kind"": ""song"", ""artistId"": 1876669319, ""collectionId"": 1894942712, ""trackId"": 1894942713, ""artistName"": ""217HALO"", ""collectionName"": ""Golden Hour - Single"", ""trackName"": ""Golden Hour"", ""collectionCensoredName"": ""Golden Hour - Single"", ""trackCensoredName"": ""Golden Hour"", ""artistViewUrl"": ""https://music.apple.com/us/artist/217halo/1876669319?uo=4"", ""collectionViewUrl"": ""https://music.apple.com/us/album/golden-hour/1894942712?i=1894942713&uo=4"", ""trackViewUrl"": ""https://music.apple.com/us/album/golden-hour/1894942712?i=1894942713&uo=4"", ""previewUrl"": ""https://audio-ssl.itunes.apple.com/itunes-assets/AudioPreview221/v4/fa/b0/46/fab046f7-ed20-b656-8c9c-7e9d84036660/mzaf_11729767879091099116.plus.aac.p.m4a"", ""artworkUrl30"": ""https://is1-ssl.mzstatic.com/image/thumb/Music211/v4/c3/d6/2d/c3d62d21-190e-0143-8546-c2de7a10e97a/075679584373.jpg/30x30bb.jpg"", ""artworkUrl60"": ""https://is1-ssl.mzstatic.com/image/thumb/Music211/v4/c3/d6/2d/c3d62d21-190e-0143-8546-c2de7a10e97a/075679584373.jpg/60x60bb.jpg"", ""artworkUrl100"": ""https://is1-ssl.mzstatic.com/image/thumb/Music211/v4/c3/d6/2d/c3d62d21-190e-0143-8546-c2de7a10e97a/075679584373.jpg/100x100bb.jpg"", ""collectionPrice"": 1.29, ""trackPrice"": 1.29, ""releaseDate"": ""2026-04-21T12:00:00Z"", ""collectionExplicitness"": ""notExplicit"", ""trackExplicitness"": ""notExplicit"", ""discCount"": 1, ""discNumber"": 1, ""trackCount"": 1, ""trackNumber"": 1, ""trackTimeMillis"": 167610, ""country"": ""USA"", ""currency"": ""USD"", ""primaryGenreName"": ""R&B/Soul"", ""isStreamable"": true}, {""wrapperType"": ""track"", ""kind"": ""song"", ""artistId"": 1439301205, ""collectionId"": 6770401924, ""trackId"": 6770401926, ""artistName"": ""ATEEZ"", ""collectionName"": ""GOLDEN HOUR : Part.5 - EP"", ""trackName"": ""BAD"", ""collectionCensoredName"": ""GOLDEN HOUR : Part.5 - EP"", ""trackCensoredName"": ""BAD"", ""artistViewUrl"": ""https://music.apple.com/us/artist/ateez/1439301205?uo=4"", ""collectionViewUrl"": ""https://music.apple.com/us/album/bad/6770401924?i=6770401926&uo=4"", ""trackViewUrl"": ""https://music.apple.com/us/album/bad/6770401924?i=6770401926&uo=4"", ""previewUrl"": ""https://audio-ssl.itunes.apple.com/itunes-assets/AudioPreview221/v4/ed/1e/3e/ed1e3e69-c85a-eeda-fb06-bc0146d71aad/mzaf_15637797788600386546.plus.aac.p.m4a"", ""artworkUrl30"": ""https://is1-ssl.mzstatic.com/image/thumb/Music221/v4/15/5e/a0/155ea070-3f0d-84ae-7883-128ecd9ed5bf/196874257944.jpg/30x30bb.jpg"", ""artworkUrl60"": ""https://is1-ssl.mzstatic.com/image/thumb/Music221/v4/15/5e/a0/155ea070-3f0d-84ae-7883-128ecd9ed5bf/196874257944.jpg/60x60bb.jpg"", ""artworkUrl100"": ""https://is1-ssl.mzstatic.com/image/thumb/Music221/v4/15/5e/a0/155ea070-3f0d-84ae-7883-128ecd9ed5bf/196874257944.jpg/100x100bb.jpg"", ""collectionPrice"": 4.99, ""trackPrice"": 1.29, ""releaseDate"": ""2026-06-26T12:00:00Z"", ""collectionExplicitness"": ""notExplicit"", ""trackExplicitness"": ""notExplicit"", ""discCount"": 1, ""discNumber"": 1, ""trackCount"": 5, ""trackNumber"": 1, ""trackTimeMillis"": 156035, ""country"": ""USA"", ""currency"": ""USD"", ""primaryGenreName"": ""K-Pop"", ""isStreamable"": true}, {""wrapperType"": ""track"", ""kind"": ""song"", ""artistId"": 635806094, ""collectionId"": 1513224620, ""trackId"": 1513224622, ""artistName"": ""Kygo & OneRepublic"", ""collectionName"": ""Golden Hour"", ""trackName"": ""Lose Somebody"", ""collectionCensoredName"": ""Golden Hour"", ""trackCensoredName"": ""Lose Somebody"", ""collectionArtistName"": ""Kygo"", ""artistViewUrl"": ""https://music.apple.com/us/artist/kygo/635806094?uo=4"", ""collectionViewUrl"": ""https://music.apple.com/us/album/lose-somebody/1513224620?i=1513224622&uo=4"", ""trackViewUrl"": ""https://music.apple.com/us/album/lose-somebody/1513224620?i=1513224622&uo=4"", ""previewUrl"": ""https://audio-ssl.itunes.apple.com/itunes-assets/AudioPreview221/v4/92/f2/35/92f2359a-4a93-7b15-65de-4f1d36aef70e/mzaf_9756001338374981797.plus.aac.p.m4a"", ""artworkUrl30"": ""https://is1-ssl.mzstatic.com/image/thumb/Music124/v4/7e/45/0d/7e450def-fa0d-02c1-5cff-206534f88faf/886448458449.jpg/30x30bb.jpg"", ""artworkUrl60"": ""https://is1-ssl.mzstatic.com/image/thumb/Music124/v4/7e/45/0d/7e450def-fa0d-02c1-5cff-206534f88faf/886448458449.jpg/60x60bb.jpg"", ""artworkUrl100"": ""https://is1-ssl.mzstatic.com/image/thumb/Music124/v4/7e/45/0d/7e450def-fa0d-02c1-5cff-206534f88faf/886448458449.jpg/100x100bb.jpg"", ""collectionPrice"": 10.99, ""trackPrice"": 1.29, ""releaseDate"": ""2020-05-15T12:00:00Z"", ""collectionExplicitness"": ""explicit"", ""trackExplicitness"": ""notExplicit"", ""discCount"": 1, ""discNumber"": 1, ""trackCount"": 18, ""trackNumber"": 2, ""trackTimeMillis"": 199549, ""country"": ""USA"", ""currency"": ""USD"", ""primaryGenreName"": ""Dance"", ""isStreamable"": true}, {""wrapperType"": ""track"", ""kind"": ""song"", ""artistId"": 132702944, ""collectionId"": 1696552214, ""trackId"": 1696552639, ""artistName"": ""Landon Pigg"", ""collectionName"": ""Golden Hour - Single"", ""trackName"": ""Golden Hour"", ""collectionCensoredName"": ""Golden Hour - Single"", ""trackCensoredName"": ""Golden Hour"", ""artistViewUrl"": ""https://music.apple.com/us/artist/landon-pigg/132702944?uo=4"", ""collectionViewUrl"": ""https://music.apple.com/us/album/golden-hour/1696552214?i=1696552639&uo=4"", ""trackViewUrl"": ""https://music.apple.com/us/album/golden-hour/1696552214?i=1696552639&uo=4"", ""previewUrl"": ""https://audio-ssl.itunes.apple.com/itunes-assets/AudioPreview126/v4/f2/19/1f/f2191f81-4b31-5726-0d7a-20edbb41b7d6/mzaf_6964104109970099035.plus.aac.p.m4a"", ""artworkUrl30"": ""https://is1-ssl.mzstatic.com/image/thumb/Music116/v4/89/c7/87/89c787c5-0b59-733b-cac1-01c00db52c9f/193436104562_cover.jpg/30x30bb.jpg"", ""artworkUrl60"": ""https://is1-ssl.mzstatic.com/image/thumb/Music116/v4/89/c7/87/89c787c5-0b59-733b-cac1-01c00db52c9f/193436104562_cover.jpg/60x60bb.jpg"", ""artworkUrl100"": ""https://is1-ssl.mzstatic.com/image/thumb/Music116/v4/89/c7/87/89c787c5-0b59-733b-cac1-01c00db52c9f/193436104562_cover.jpg/100x100bb.jpg"", ""collectionPrice"": 0.99, ""trackPrice"": 0.99, ""releaseDate"": ""2019-03-08T12:00:00Z"", ""collectionExplicitness"": ""notExplicit"", ""trackExplicitness"": ""notExplicit"", ""discCount"": 1, ""discNumber"": 1, ""trackCount"": 1, ""trackNumber"": 1, ""trackTimeMillis"": 279979, ""country"": ""USA"", ""currency"": ""USD"", ""primaryGenreName"": ""Singer/Songwriter"", ""isStreamable"": true}, {""wrapperType"": ""track"", ""kind"": ""song"", ""artistId"": 295124972, ""collectionId"": 1553602776, ""trackId"": 1553602777, ""artistName"": ""Oliver Francis"", ""collectionName"": ""A Million Miles an Hour"", ""trackName"": ""Golden Halo"", ""collectionCensoredName"": ""A Million Miles an Hour"", ""trackCensoredName"": ""Golden Halo"", ""artistViewUrl"": ""https://music.apple.com/us/artist/oliver-francis/295124972?uo=4"", ""collectionViewUrl"": ""https://music.apple.com/us/album/golden-halo/1553602776?i=1553602777&uo=4"", ""trackViewUrl"": ""https://music.apple.com/us/album/golden-halo/1553602776?i=1553602777&uo=4"", ""previewUrl"": ""https://audio-ssl.itunes.apple.com/itunes-assets/AudioPreview115/v4/6a/3e/37/6a3e3783-6fcd-305c-0886-91de11799070/mzaf_9459312435999858571.plus.aac.p.m4a"", ""artworkUrl30"": ""https://is1-ssl.mzstatic.com/image/thumb/Music124/v4/1b/3c/c1/1b3cc186-5903-2b2a-f55d-e47b2eb8b5f2/859722065176.png/30x30bb.jpg"", ""artworkUrl60"": ""https://is1-ssl.mzstatic.com/image/thumb/Music124/v4/1b/3c/c1/1b3cc186-5903-2b2a-f55d-e47b2eb8b5f2/859722065176.png/60x60bb.jpg"", ""artworkUrl100"": ""https://is1-ssl.mzstatic.com/image/thumb/Music124/v4/1b/3c/c1/1b3cc186-5903-2b2a-f55d-e47b2eb8b5f2/859722065176.png/100x100bb.jpg"", ""collectionPrice"": 8.91, ""trackPrice"": 0.99, ""releaseDate"": ""2017-10-13T12:00:00Z"", ""collectionExplicitness"": ""notExplicit"", ""trackExplicitness"": ""notExplicit"", ""discCount"": 1, ""discNumber"": 1, ""trackCount"": 9, ""trackNumber"": 1, ""trackTimeMillis"": 136000, ""country"": ""USA"", ""currency"": ""USD"", ""primaryGenreName"": ""Hip-Hop/Rap"", ""isStreamable"": true}]}",1782727241.9579117
deezer,d87283bc60b136ac36cdd3f4f44eca5e3b81b15485e87e79d17747b14e6bed1f,200,"{""data"": [], ""total"": 0}",1782727242.9182987
wikidata,8a75a721967322d5c4b4c25d394a89a4f280cefbb6a88a319e355715d947b6dc,200,"{""searchinfo"": {""search"": ""Golden Hour 217HALO""}, ""search"": [], ""success"": 1}",1782727244.0048687
musicbrainz,eaf3e6226bae5833040e644f9965208c5ca37a1835b1debfad8adebbc0e949b6,200,"{""created"": ""2026-06-29T10:00:45.316Z"", ""count"": 0, ""offset"": 0, ""recordings"": []}",1782727245.3613386
musicbrainz,da7f6b2165b933672ee149bc1e4fcef85ed81829eaaea0c3862ec062b77a7c4b,200,"{""created"": ""2026-06-29T10:00:45.634Z"", ""count"": 204317, ""offset"": 0, ""recordings"": [{""id"": ""4ba23761-4461-4753-8f83-abf9a21bf38a"", ""score"": 100, ""artist-credit-id"": ""d3a52d00-3119-3cc6-8c9d-56e950128836"", ""title"": ""Golden Hour"", ""length"": 163422, ""video"": null, ""artist-credit"": [{""name"": ""Peter Bark"", ""artist"": {""id"": ""c8c0ccd2-cb5d-4d7e-819d-46ed06ab9ed5"", ""name"": ""Peter Bark"", ""sort-name"": ""Bark, Peter""}}], ""first-release-date"": ""2022-05-27"", ""releases"": [{""id"": ""43bcd180-536d-4fb3-8697-f764d0891624"", ""status-id"": ""4e304316-386d-3409-af2e-78857eec5cfe"", ""count"": 1, ""title"": ""Empty Rooms"", ""status"": ""Official"", ""release-group"": {""id"": ""43dd7281-bcf6-493e-a878-b091835b0c7c"", ""type-id"": ""f529b476-6e62-324f-b0aa-1f3e33d313fc"", ""primary-type-id"": ""f529b476-6e62-324f-b0aa-1f3e33d313fc"", ""title"": ""Empty Rooms"", ""primary-type"": ""Album""}, ""date"": ""2022-05-27"", ""country"": ""CA"", ""release-events"": [{""date"": ""2022-05-27"", ""area"": {""id"": ""71bbafaa-e825-3e15-8ca9-017dcad1748b"", ""name"": ""Canada"", ""sort-name"": ""Canada"", ""iso-3166-1-codes"": [""CA""]}}], ""track-count"": 11, ""media"": [{""id"": ""54c35f08-9a0f-3212-ad08-017a16711301"", ""position"": 1, ""format"": ""Cassette"", ""track"": [{""id"": ""91c58db9-5512-4019-8543-285936bba390"", ""number"": ""B2"", ""title"": ""Golden Hour"", ""length"": 163422}], ""track-count"": 11, ""track-offset"": 7}]}, {""id"": ""20d5daf1-4fa9-499a-b745-e3c089085d54"", ""status-id"": ""4e304316-386d-3409-af2e-78857eec5cfe"", ""count"": 1, ""title"": ""Empty Rooms"", ""status"": ""Official"", ""release-group"": {""id"": ""43dd7281-bcf6-493e-a878-b091835b0c7c"", ""type-id"": ""f529b476-6e62-324f-b0aa-1f3e33d313fc"", ""primary-type-id"": ""f529b476-6e62-324f-b0aa-1f3e33d313fc"", ""title"": ""Empty Rooms"", ""primary-type"": ""Album""}, ""date"": ""2022-05-27"", ""country"": ""XW"", ""release-events"": [{""date"": ""2022-05-27"", ""area"": {""id"": ""525d4e18-3d00-31b9-a58b-a146a916de8f"", ""name"": ""[Worldwide]"", ""sort-name"": ""[Worldwide]"", ""iso-3166-1-codes"": [""XW""]}}], ""track-count"": 11, ""media"": [{""id"": ""917268e7-b123-3a2d-9267-db9d15aede68"", ""position"": 1, ""format"": ""Digital Media"", ""track"": [{""id"": ""8d154b84-3a3e-4958-a5fa-aa785ce36761"", ""number"": ""8"", ""title"": ""Golden Hour"", ""length"": 163422}], ""track-count"": 11, ""track-offset"": 7}]}], ""isrcs"": [""US3DF2243210""]}, {""id"": ""964b9fa2-2dad-4bb8-9f73-df7818e9c12f"", ""score"": 100, ""artist-credit-id"": ""32e5f958-bfad-46bd-83b3-feb7f6eb63ab"", ""title"": ""Golden Hour"", ""length"": 210000, ""video"": null, ""artist-credit"": [{""joinphrase"": "" & "", ""name"": ""Rhys Langston"", ""artist"": {""id"": ""306986da-bfee-4d54-b0f7-45510adfbc37"", ""name"": ""Rhys Langston"", ""sort-name"": ""Langston, Rhys"", ""disambiguation"": ""LA-based rapper""}}, {""joinphrase"": "" feat. "", ""name"": ""Pioneer 11"", ""artist"": {""id"": ""7280d0aa-4c01-4178-ab4f-dc8eb04099e4"", ""name"": ""Pioneer 11"", ""sort-name"": ""Pioneer 11"", ""disambiguation"": ""LA electronic group on POW Records""}}, {""name"": ""Nahhphet"", ""artist"": {""id"": ""7f8e9963-63c4-49cb-9b5f-b365ee72a868"", ""name"": ""Nahhphet"", ""sort-name"": ""Nahhphet""}}], ""first-release-date"": ""2023-07-26"", ""releases"": [{""id"": ""43810cbb-b1bb-4996-914b-542e9b58dd5f"", ""status-id"": ""4e304316-386d-3409-af2e-78857eec5cfe"", ""artist-credit-id"": ""f1cdbbf5-4696-4634-bac7-9fc6aac33982"", ""count"": 1, ""title"": ""To Operate This System"", ""status"": ""Official"", ""artist-credit"": [{""joinphrase"": "" & "", ""name"": ""Rhys Langston"", ""artist"": {""id"": ""306986da-bfee-4d54-b0f7-45510adfbc37"", ""name"": ""Rhys Langston"", ""sort-name"": ""Langston, Rhys"", ""disambiguation"": ""LA-based rapper""}}, {""name"": ""Pioneer 11"", ""artist"": {""id"": ""7280d0aa-4c01-4178-ab4f-dc8eb04099e4"", ""name"": ""Pioneer 11"", ""sort-name"": ""Pioneer 11"", ""disambiguation"": ""LA electronic group on POW Records""}}], ""release-group"": {""id"": ""c604e687-807e-4e86-bbeb-1cec73f61aea"", ""type-id"": ""f529b476-6e62-324f-b0aa-1f3e33d313fc"", ""primary-type-id"": ""f529b476-6e62-324f-b0aa-1f3e33d313fc"", ""title"": ""To Operate This System"", ""primary-type"": ""Album""}, ""track-count"": 8, ""media"": [{""id"": ""701df7d6-4564-3216-9872-ba4c311cddb9"", ""position"": 1, ""format"": ""Digital Media"", ""track"": [{""id"": ""0d2e0ecc-e9bf-49a4-a1b5-d338a5d5d795"", ""number"": ""6"", ""title"": ""Golden Hour"", ""length"": 210000}], ""track-count"": 8, ""track-offset"": 5}]}]}, {""id"": ""b8370fa3-7653-4011-8228-fc1cbebe97ad"", ""score"": 100, ""artist-credit-id"": ""aebce6da-fa80-4c79-9061-3cce2a592257"", ""title"": ""Golden Hour"", ""length"": 199000, ""video"": null, ""artist-credit"": [{""name"": ""MARK"", ""artist"": {""id"": ""1d673024-a339-4b97-9f41-52cdc47498c6"", ""name"": ""MARK"", ""sort-name"": ""MARK"", ""disambiguation"": ""NCT"", ""aliases"": [{""sort-name"": ""마크"", ""type-id"": ""894afba6-2816-3c24-8072-eadb66bd04bc"", ""name"": ""마크"", ""locale"": ""ko"", ""type"": ""Artist name"", ""primary"": null, ""begin-date"": null, ""end-date"": null}, {""sort-name"": ""Lee, Min Hyung"", ""type-id"": ""d4dcd0c0-b341-3612-a332-c0ce797b25cf"", ""name"": ""이민형"", ""locale"": ""ko"", ""type"": ""Legal name"", ""primary"": true, ""begin-date"": null, ""end-date"": null}, {""sort-name"": ""Lee, Mark"", ""type-id"": ""d4dcd0c0-b341-3612-a332-c0ce797b25cf"", ""name"": ""Mark Lee"", ""locale"": ""en"", ""type"": ""Legal name"", ""primary"": true, ""begin-date"": null, ""end-date"": null}]}}], ""first-release-date"": ""2023-04-07"", ""releases"": [{""id"": ""3b693768-028f-44cd-9a36-bfd2c6abe200"", ""status-id"": ""4e304316-386d-3409-af2e-78857eec5cfe"", ""artist-credit-id"": ""aebce6da-fa80-4c79-9061-3cce2a592257"", ""count"": 1, ""title"": ""Golden Hour (SM STATION: NCT LAB)"", ""status"": ""Official"", ""artist-credit"": [{""name"": ""MARK"", ""artist"": {""id"": ""1d673024-a339-4b97-9f41-52cdc47498c6"", ""name"": ""MARK"", ""sort-name"": ""MARK"", ""disambiguation"": ""NCT""}}], ""release-group"": {""id"": ""f16b4309-497b-4da1-a294-5fbaee9bbe9b"", ""type-id"": ""d6038452-8ee0-3f68-affc-2de9a1ede0b9"", ""primary-type-id"": ""d6038452-8ee0-3f68-affc-2de9a1ede0b9"", ""title"": ""Golden Hour (SM STATION: NCT LAB)"", ""primary-type"": ""Single""}, ""date"": ""2023-04-07"", ""country"": ""XW"", ""release-events"": [{""date"": ""2023-04-07"", ""area"": {""id"": ""525d4e18-3d00-31b9-a58b-a146a916de8f"", ""name"": ""[Worldwide]"", ""sort-name"": ""[Worldwide]"", ""iso-3166-1-codes"": [""XW""]}}], ""track-count"": 2, ""media"": [{""id"": ""88452400-2027-3235-8817-6040976316e7"", ""position"": 1, ""format"": ""Digital Media"", ""track"": [{""id"": ""171e6100-416e-4945-82de-2836ec3f6aa9"", ""number"": ""1"", ""title"": ""Golden Hour"", ""length"": 199000}], ""track-count"": 2, ""track-offset"": 0}]}], ""isrcs"": [""KRA302300102""]}, {""id"": ""aa264c27-a6a6-4d41-9d58-4d76381683a7"", ""score"": 100, ""artist-credit-id"": ""e96a003f-5eb1-4ccb-8970-bcf39cf914d0"", ""title"": ""Golden Hour"", ""length"": 106920, ""video"": null, ""artist-credit"": [{""name"": ""Daniel Markham"", ""artist"": {""id"": ""4e324f86-42c6-4c31-8faf-20a96c0c1b5f"", ""name"": ""Daniel Markham"", ""sort-name"": ""Markham, Daniel""}}], ""first-release-date"": ""2018-05-25"", ""releases"": [{""id"": ""30c1f7b1-a22a-4356-b495-8ec6c6e63f24"", ""count"": 1, ""title"": ""Hyperspeed"", ""release-group"": {""id"": ""641819a1-8ee2-4f0f-99ab-f82eee2487bd"", ""type-id"": ""f529b476-6e62-324f-b0aa-1f3e33d313fc"", ""primary-type-id"": ""f529b476-6e62-324f-b0aa-1f3e33d313fc"", ""title"": ""Hyperspeed"", ""primary-type"": ""Album""}, ""track-count"": 14, ""media"": [{""id"": ""1218b996-cc33-38d9-aeed-f1023f620795"", ""position"": 1, ""format"": ""CD"", ""track"": [{""id"": ""39ef198d-ff89-43b9-8dee-bf164977afda"", ""number"": ""13"", ""title"": ""Golden Hour"", ""length"": 106920}], ""track-count"": 14, ""track-offset"": 12}]}]}, {""id"": ""b064aee0-f886-4512-8cd2-71c721c23aa4"", ""score"": 100, ""artist-credit-id"": ""4f9860d4-371e-392c-b789-f0370fccefb4"", ""title"": ""Golden Hour"", ""length"": 286586, ""video"": null, ""artist-credit"": [{""name"": ""Treetop Flyers"", ""artist"": {""id"": ""00da0af4-9deb-4266-87ba-20c0e64768d6"", ""name"": ""Treetop Flyers"", ""sort-name"": ""Treetop Flyers""}}], ""first-release-date"": ""2021"", ""releases"": [{""id"": ""b0b5db71-94ce-4ed0-a0c4-6875a5d932e0"", ""status-id"": ""4e304316-386d-3409-af2e-78857eec5cfe"", ""count"": 1, ""title"": ""Old Habits"", ""status"": ""Official"", ""release-group"": {""id"": ""c8848f5c-10d7-40e0-a20f-694e985a181c"", ""type-id"": ""f529b476-6e62-324f-b0aa-1f3e33d313fc"", ""primary-type-id"": ""f529b476-6e62-324f-b0aa-1f3e33d313fc"", ""title"": ""Old Habits"", ""primary-type"": ""Album""}, ""date"": ""2021"", ""country"": ""XE"", ""release-events"": [{""date"": ""2021"", ""area"": {""id"": ""89a675c2-3e37-3518-b83c-418bad59a85a"", ""name"": ""Europe"", ""sort-name"": ""Europe"", ""iso-3166-1-codes"": [""XE""]}}], ""track-count"": 10, ""media"": [{""id"": ""247f2b14-5568-3b73-bc0d-e5d82866ff40"", ""position"": 1, ""format"": ""CD"", ""track"": [{""id"": ""5320cc58-36c1-44af-8e5f-5e014e97a7b2"", ""number"": ""1"", ""title"": ""Golden Hour"", ""length"": 286586}], ""track-count"": 10, ""track-offset"": 0}]}]}]}",1782727245.6454725
itunes,f804fb591b6f90f62b60e5fc10959cd4390f9eb49594b714870b03283f8e419c,200,"{""resultCount"": 5, ""results"": [{""wrapperType"": ""track"", ""kind"": ""song"", ""artistId"": 1450184159, ""collectionId"": 1515289234, ""trackId"": 1515289540, ""artistName"": ""Navara"", ""collectionName"": ""Feeling Deep, Vol. 2 (Best of Vocal Deep House - Chillout Set)"", ""trackName"": ""2 People (Highpass Deep Mix)"", ""collectionCensoredName"": ""Feeling Deep, Vol. 2 (Best of Vocal Deep House - Chillout Set)"", ""trackCensoredName"": ""2 People (Highpass Deep Mix)"", ""collectionArtistId"": 36270, ""collectionArtistName"": ""Various Artists"", ""artistViewUrl"": ""https://music.apple.com/us/artist/navara/1450184159?uo=4"", ""collectionViewUrl"": ""https://music.apple.com/us/album/2-people-highpass-deep-mix/1515289234?i=1515289540&uo=4"", ""trackViewUrl"": ""https://music.apple.com/us/album/2-people-highpass-deep-mix/1515289234?i=1515289540&uo=4"", ""previewUrl"": ""https://audio-ssl.itunes.apple.com/itunes-assets/AudioPreview125/v4/9a/ef/9e/9aef9eb2-1254-27e7-c5bd-c8d84aad4f23/mzaf_18157995841012154060.plus.aac.p.m4a"", ""artworkUrl30"": ""https://is1-ssl.mzstatic.com/image/thumb/Music113/v4/b0/f9/03/b0f903ee-895b-54f9-8250-e8dcfea1988b/8020506206104.png/30x30bb.jpg"", ""artworkUrl60"": ""https://is1-ssl.mzstatic.com/image/thumb/Music113/v4/b0/f9/03/b0f903ee-895b-54f9-8250-e8dcfea1988b/8020506206104.png/60x60bb.jpg"", ""artworkUrl100"": ""https://is1-ssl.mzstatic.com/image/thumb/Music113/v4/b0/f9/03/b0f903ee-895b-54f9-8250-e8dcfea1988b/8020506206104.png/100x100bb.jpg"", ""collectionPrice"": 7.99, ""trackPrice"": 0.99, ""releaseDate"": ""2020-05-13T12:00:00Z"", ""collectionExplicitness"": ""notExplicit"", ""trackExplicitness"": ""notExplicit"", ""discCount"": 1, ""discNumber"": 1, ""trackCount"": 30, ""trackNumber"": 3, ""trackTimeMillis"": 185739, ""country"": ""USA"", ""currency"": ""USD"", ""primaryGenreName"": ""Dance"", ""isStreamable"": true}, {""wrapperType"": ""track"", ""kind"": ""song"", ""artistId"": 1450184159, ""collectionId"": 1512807252, ""trackId"": 1512807253, ""artistName"": ""Navara"", ""collectionName"": ""Deep on the Beach, Vol. 2 (Best of Chill & Deep House)"", ""trackName"": ""2 People (Highpass Deep Mix)"", ""collectionCensoredName"": ""Deep on the Beach, Vol. 2 (Best of Chill & Deep House)"", ""trackCensoredName"": ""2 People (Highpass Deep Mix)"", ""collectionArtistId"": 36270, ""collectionArtistName"": ""Various Artists"", ""artistViewUrl"": ""https://music.apple.com/us/artist/navara/1450184159?uo=4"", ""collectionViewUrl"": ""https://music.apple.com/us/album/2-people-highpass-deep-mix/1512807252?i=1512807253&uo=4"", ""trackViewUrl"": ""https://music.apple.com/us/album/2-people-highpass-deep-mix/1512807252?i=1512807253&uo=4"", ""previewUrl"": ""https://audio-ssl.itunes.apple.com/itunes-assets/AudioPreview115/v4/a3/c8/ac/a3c8acba-26eb-80f0-fdb3-7d1482fee2bb/mzaf_14152034963275263018.plus.aac.p.m4a"", ""artworkUrl30"": ""https://is1-ssl.mzstatic.com/image/thumb/Music113/v4/5b/13/48/5b1348c7-210d-4c54-f90a-21ae60f4b651/8020506206098.png/30x30bb.jpg"", ""artworkUrl60"": ""https://is1-ssl.mzstatic.com/image/thumb/Music113/v4/5b/13/48/5b1348c7-210d-4c54-f90a-21ae60f4b651/8020506206098.png/60x60bb.jpg"", ""artworkUrl100"": ""https://is1-ssl.mzstatic.com/image/thumb/Music113/v4/5b/13/48/5b1348c7-210d-4c54-f90a-21ae60f4b651/8020506206098.png/100x100bb.jpg"", ""collectionPrice"": 5.99, ""trackPrice"": 0.99, ""releaseDate"": ""2020-05-13T12:00:00Z"", ""collectionExplicitness"": ""notExplicit"", ""trackExplicitness"": ""notExplicit"", ""discCount"": 1, ""discNumber"": 1, ""trackCount"": 25, ""trackNumber"": 1, ""trackTimeMillis"": 185739, ""country"": ""USA"", ""currency"": ""USD"", ""primaryGenreName"": ""Dance"", ""isStreamable"": true}, {""wrapperType"": ""track"", ""kind"": ""song"", ""artistId"": 1450184159, ""collectionId"": 1511636073, ""trackId"": 1511636303, ""artistName"": ""Navara"", ""collectionName"": ""2 People - Single"", ""trackName"": ""2 People (Highpass Deep Mix)"", ""collectionCensoredName"": ""2 People - Single"", ""trackCensoredName"": ""2 People (Highpass Deep Mix)"", ""artistViewUrl"": ""https://music.apple.com/us/artist/navara/1450184159?uo=4"", ""collectionViewUrl"": ""https://music.apple.com/us/album/2-people-highpass-deep-mix/1511636073?i=1511636303&uo=4"", ""trackViewUrl"": ""https://music.apple.com/us/album/2-people-highpass-deep-mix/1511636073?i=1511636303&uo=4"", ""previewUrl"": ""https://audio-ssl.itunes.apple.com/itunes-assets/AudioPreview115/v4/f6/f3/53/f6f353a2-7b69-a20e-93d2-00c1e99022fe/mzaf_3653947859248532775.plus.aac.p.m4a"", ""artworkUrl30"": ""https://is1-ssl.mzstatic.com/image/thumb/Music123/v4/c9/95/ac/c995acab-5ab0-2fab-1860-70337eb58b06/cover.jpg/30x30bb.jpg"", ""artworkUrl60"": ""https://is1-ssl.mzstatic.com/image/thumb/Music123/v4/c9/95/ac/c995acab-5ab0-2fab-1860-70337eb58b06/cover.jpg/60x60bb.jpg"", ""artworkUrl100"": ""https://is1-ssl.mzstatic.com/image/thumb/Music123/v4/c9/95/ac/c995acab-5ab0-2fab-1860-70337eb58b06/cover.jpg/100x100bb.jpg"", ""collectionPrice"": 1.99, ""trackPrice"": 1.29, ""releaseDate"": ""2020-05-13T12:00:00Z"", ""collectionExplicitness"": ""notExplicit"", ""trackExplicitness"": ""notExplicit"", ""discCount"": 1, ""discNumber"": 1, ""trackCount"": 2, ""trackNumber"": 1, ""trackTimeMillis"": 185739, ""country"": ""USA"", ""currency"": ""USD"", ""primaryGenreName"": ""House"", ""isStreamable"": true}, {""wrapperType"": ""track"", ""kind"": ""song"", ""artistId"": 1450184159, ""collectionId"": 1604316258, ""trackId"": 1604316274, ""artistName"": ""Navara"", ""collectionName"": ""House Relax, Vol. 10 (Sunset Deep Session)"", ""trackName"": ""2 People (Highpass Deep Mix)"", ""collectionCensoredName"": ""House Relax, Vol. 10 (Sunset Deep Session)"", ""trackCensoredName"": ""2 People (Highpass Deep Mix)"", ""collectionArtistId"": 36270, ""collectionArtistName"": ""Various Artists"", ""artistViewUrl"": ""https://music.apple.com/us/artist/navara/1450184159?uo=4"", ""collectionViewUrl"": ""https://music.apple.com/us/album/2-people-highpass-deep-mix/1604316258?i=1604316274&uo=4"", ""trackViewUrl"": ""https://music.apple.com/us/album/2-people-highpass-deep-mix/1604316258?i=1604316274&uo=4"", ""previewUrl"": ""https://audio-ssl.itunes.apple.com/itunes-assets/AudioPreview126/v4/66/6a/80/666a80d4-21ef-0fad-b682-fa668500a63d/mzaf_8563835293801605314.plus.aac.p.m4a"", ""artworkUrl30"": ""https://is1-ssl.mzstatic.com/image/thumb/Music116/v4/cb/ab/69/cbab6937-22ca-798a-cc45-54fdf1b0d11d/8020506226010.png/30x30bb.jpg"", ""artworkUrl60"": ""https://is1-ssl.mzstatic.com/image/thumb/Music116/v4/cb/ab/69/cbab6937-22ca-798a-cc45-54fdf1b0d11d/8020506226010.png/60x60bb.jpg"", ""artworkUrl100"": ""https://is1-ssl.mzstatic.com/image/thumb/Music116/v4/cb/ab/69/cbab6937-22ca-798a-cc45-54fdf1b0d11d/8020506226010.png/100x100bb.jpg"", ""collectionPrice"": 7.99, ""trackPrice"": 1.29, ""releaseDate"": ""2020-05-13T12:00:00Z"", ""collectionExplicitness"": ""notExplicit"", ""trackExplicitness"": ""notExplicit"", ""discCount"": 1, ""discNumber"": 1, ""trackCount"": 30, ""trackNumber"": 14, ""trackTimeMillis"": 185739, ""country"": ""USA"", ""currency"": ""USD"", ""primaryGenreName"": ""Dance"", ""isStreamable"": true}, {""wrapperType"": ""track"", ""kind"": ""song"", ""artistId"": 1450184159, ""collectionId"": 1518966524, ""trackId"": 1518966532, ""artistName"": ""Navara"", ""collectionName"": ""Deep House Chill, Vol. 2"", ""trackName"": ""2 People (Highpass Deep Mix)"", ""collectionCensoredName"": ""Deep House Chill, Vol. 2"", ""trackCensoredName"": ""2 People (Highpass Deep Mix)"", ""collectionArtistId"": 36270, ""collectionArtistName"": ""Various Artists"", ""artistViewUrl"": ""https://music.apple.com/us/artist/navara/1450184159?uo=4"", ""collectionViewUrl"": ""https://music.apple.com/us/album/2-people-highpass-deep-mix/1518966524?i=1518966532&uo=4"", ""trackViewUrl"": ""https://music.apple.com/us/album/2-people-highpass-deep-mix/1518966524?i=1518966532&uo=4"", ""previewUrl"": ""https://audio-ssl.itunes.apple.com/itunes-assets/AudioPreview113/v4/82/a8/d4/82a8d4e0-196c-577b-b4be-a09fb5c973dc/mzaf_6836840669013056161.plus.aac.p.m4a"", ""artworkUrl30"": ""https://is1-ssl.mzstatic.com/image/thumb/Music113/v4/e9/ed/9a/e9ed9a02-c737-823b-c9ad-becf82576f4e/8020506206142.png/30x30bb.jpg"", ""artworkUrl60"": ""https://is1-ssl.mzstatic.com/image/thumb/Music113/v4/e9/ed/9a/e9ed9a02-c737-823b-c9ad-becf82576f4e/8020506206142.png/60x60bb.jpg"", ""artworkUrl100"": ""https://is1-ssl.mzstatic.com/image/thumb/Music113/v4/e9/ed/9a/e9ed9a02-c737-823b-c9ad-becf82576f4e/8020506206142.png/100x100bb.jpg"", ""collectionPrice"": 5.99, ""trackPrice"": 0.99, ""releaseDate"": ""2020-05-13T12:00:00Z"", ""collectionExplicitness"": ""notExplicit"", ""trackExplicitness"": ""notExplicit"", ""discCount"": 1, ""discNumber"": 1, ""trackCount"": 25, ""trackNumber"": 4, ""trackTimeMillis"": 185739, ""country"": ""USA"", ""currency"": ""USD"", ""primaryGenreName"": ""House"", ""isStreamable"": true}]}",1782727251.785085
deezer,ff43b1c3ca8338609472f06625dcf8178fe4a896f0430e4c41dbddf08b0ef574,200,"{""data"": [{""id"": 950330862, ""readable"": true, ""title"": ""2 People (Highpass Deep Mix)"", ""title_short"": ""2 People"", ""title_version"": ""(Highpass Deep Mix)"", ""isrc"": ""ITAD82000076"", ""link"": ""https://www.deezer.com/track/950330862"", ""duration"": 185, ""rank"": 119712, ""explicit_lyrics"": false, ""explicit_content_lyrics"": 0, ""explicit_content_cover"": 2, ""preview"": ""https://cdnt-preview.dzcdn.net/api/1/1/1/5/4/0/154da7d896b24d11781a4cadf576b1d2.mp3?hdnea=exp=1782728152~acl=/api/1/1/1/5/4/0/154da7d896b24d11781a4cadf576b1d2.mp3*~data=user_id=0,application_id=42~hmac=b1e492cc20360168a6adca58cff57847452d90d394c521544a7cb4cde84f9300"", ""md5_image"": ""6dfba700623f9a9234ff6111a861dd4d"", ""artist"": {""id"": 57949822, ""name"": ""Navara"", ""link"": ""https://www.deezer.com/artist/57949822"", ""picture"": ""https://api.deezer.com/artist/57949822/image"", ""picture_small"": ""https://cdn-images.dzcdn.net/images/artist/def36667c7222b95e2b8cd557817af48/56x56-000000-80-0-0.jpg"", ""picture_medium"": ""https://cdn-images.dzcdn.net/images/artist/def36667c7222b95e2b8cd557817af48/250x250-000000-80-0-0.jpg"", ""picture_big"": ""https://cdn-images.dzcdn.net/images/artist/def36667c7222b95e2b8cd557817af48/500x500-000000-80-0-0.jpg"", ""picture_xl"": ""https://cdn-images.dzcdn.net/images/artist/def36667c7222b95e2b8cd557817af48/1000x1000-000000-80-0-0.jpg"", ""tracklist"": ""https://api.deezer.com/artist/57949822/top?limit=50"", ""type"": ""artist""}, ""album"": {""id"": 146194852, ""title"": ""2 People"", ""cover"": ""https://api.deezer.com/album/146194852/image"", ""cover_small"": ""https://cdn-images.dzcdn.net/images/cover/6dfba700623f9a9234ff6111a861dd4d/56x56-000000-80-0-0.jpg"", ""cover_medium"": ""https://cdn-images.dzcdn.net/images/cover/6dfba700623f9a9234ff6111a861dd4d/250x250-000000-80-0-0.jpg"", ""cover_big"": ""https://cdn-images.dzcdn.net/images/cover/6dfba700623f9a9234ff6111a861dd4d/500x500-000000-80-0-0.jpg"", ""cover_xl"": ""https://cdn-images.dzcdn.net/images/cover/6dfba700623f9a9234ff6111a861dd4d/1000x1000-000000-80-0-0.jpg"", ""md5_image"": ""6dfba700623f9a9234ff6111a861dd4d"", ""tracklist"": ""https://api.deezer.com/album/146194852/tracks"", ""type"": ""album""}, ""type"": ""track""}, {""id"": 2113643187, ""readable"": true, ""title"": ""Shine on Dance (Highpass Mix)"", ""title_short"": ""Shine on Dance"", ""title_version"": ""(Highpass Mix)"", ""isrc"": ""ITAD82200073"", ""link"": ""https://www.deezer.com/track/2113643187"", ""duration"": 269, ""rank"": 15388, ""explicit_lyrics"": false, ""explicit_content_lyrics"": 0, ""explicit_content_cover"": 2, ""preview"": ""https://cdnt-preview.dzcdn.net/api/1/1/9/5/0/0/950bba4b6aeb6c04e1397c3504527144.mp3?hdnea=exp=1782728152~acl=/api/1/1/9/5/0/0/950bba4b6aeb6c04e1397c3504527144.mp3*~data=user_id=0,application_id=42~hmac=55b7a0f0b24fce0394fbe4546bb1ce824eadceb6bc8f9448748a7de5ee5da1eb"", ""md5_image"": ""7adf99887d620c9cb9768d1bd6aea3da"", ""artist"": {""id"": 344304, ""name"": ""Sunset People"", ""link"": ""https://www.deezer.com/artist/344304"", ""picture"": ""https://api.deezer.com/artist/344304/image"", ""picture_small"": ""https://cdn-images.dzcdn.net/images/artist/581fca1ec297624e8b6967aa87fc2d05/56x56-000000-80-0-0.jpg"", ""picture_medium"": ""https://cdn-images.dzcdn.net/images/artist/581fca1ec297624e8b6967aa87fc2d05/250x250-000000-80-0-0.jpg"", ""picture_big"": ""https://cdn-images.dzcdn.net/images/artist/581fca1ec297624e8b6967aa87fc2d05/500x500-000000-80-0-0.jpg"", ""picture_xl"": ""https://cdn-images.dzcdn.net/images/artist/581fca1ec297624e8b6967aa87fc2d05/1000x1000-000000-80-0-0.jpg"", ""tracklist"": ""https://api.deezer.com/artist/344304/top?limit=50"", ""type"": ""artist""}, ""album"": {""id"": 398006307, ""title"": ""Chill Sunset Deep House Hits, Vol. 2"", ""cover"": ""https://api.deezer.com/album/398006307/image"", ""cover_small"": ""https://cdn-images.dzcdn.net/images/cover/7adf99887d620c9cb9768d1bd6aea3da/56x56-000000-80-0-0.jpg"", ""cover_medium"": ""https://cdn-images.dzcdn.net/images/cover/7adf99887d620c9cb9768d1bd6aea3da/250x250-000000-80-0-0.jpg"", ""cover_big"": ""https://cdn-images.dzcdn.net/images/cover/7adf99887d620c9cb9768d1bd6aea3da/500x500-000000-80-0-0.jpg"", ""cover_xl"": ""https://cdn-images.dzcdn.net/images/cover/7adf99887d620c9cb9768d1bd6aea3da/1000x1000-000000-80-0-0.jpg"", ""md5_image"": ""7adf99887d620c9cb9768d1bd6aea3da"", ""tracklist"": ""https://api.deezer.com/album/398006307/tracks"", ""type"": ""album""}, ""type"": ""track""}], ""total"": 2}",1782727252.0974758
wikidata,8fde5e2d4073add31c8c287686d46d6194f4c219f36520c4d825d10495b56909,200,"{""searchinfo"": {""search"": ""Highpass Deep Mix 2 People""}, ""search"": [], ""success"": 1}",1782727252.461937
musicbrainz,6d006b16700c64034782ef6a8a2da85f61b5bdabe410147a5f72494255e3b0df,200,"{""created"": ""2026-06-29T10:00:52.720Z"", ""count"": 0, ""offset"": 0, ""recordings"": []}",1782727252.7389581
musicbrainz,d3ec307aab0838758d83738034ad3e687a9e0397522cc742293c489d09472390,200,"{""created"": ""2026-06-29T10:00:53.784Z"", ""count"": 0, ""offset"": 0, ""recordings"": []}",1782727253.880637
musicbrainz,4486c9f23862ddcce459790fee1f65a24333b4f1751763ddff5a2d5602117f58,200,"{""created"": ""2026-06-29T10:00:55.394Z"", ""count"": 3675199, ""offset"": 0, ""recordings"": [{""id"": ""5f6c8ed3-7c95-410e-a1da-5376d5c394ef"", ""score"": 100, ""artist-credit-id"": ""2280f8f8-fd5a-349b-88db-742e64f26e99"", ""title"": ""Highpass"", ""length"": 253000, ""disambiguation"": ""part of “Joey Beltram - Live @ Womb” DJ‐mix"", ""video"": null, ""artist-credit"": [{""name"": ""Disko Kidz"", ""artist"": {""id"": ""2583f169-d281-43c1-8db4-80c17edd7925"", ""name"": ""Disko Kidz"", ""sort-name"": ""Disko Kidz""}}], ""first-release-date"": ""2005"", ""releases"": [{""id"": ""4297b118-af3a-4130-957a-5e10ee71155f"", ""status-id"": ""4e304316-386d-3409-af2e-78857eec5cfe"", ""artist-credit-id"": ""b8f530a4-f138-330c-af85-bb9a302ff60b"", ""count"": 1, ""title"": ""Live @ Womb"", ""status"": ""Official"", ""artist-credit"": [{""name"": ""Joey Beltram"", ""artist"": {""id"": ""5330d6d0-711b-415b-93e4-071e46d0d5f2"", ""name"": ""Joey Beltram"", ""sort-name"": ""Beltram, Joey""}}], ""release-group"": {""id"": ""5d152d7a-a18b-4913-8374-4af11e204c21"", ""type-id"": ""dd2a21e1-0c00-3729-a7a0-de60b84eb5d1"", ""primary-type-id"": ""f529b476-6e62-324f-b0aa-1f3e33d313fc"", ""title"": ""Live @ Womb"", ""primary-type"": ""Album"", ""secondary-types"": [""Compilation"", ""DJ-mix""], ""secondary-type-ids"": [""dd2a21e1-0c00-3729-a7a0-de60b84eb5d1"", ""0d47f47a-3fe5-3d69-ac9d-d566c23968bf""]}, ""date"": ""2005"", ""country"": ""DE"", ""release-events"": [{""date"": ""2005"", ""area"": {""id"": ""85752fda-13c4-31a3-bee5-0e5cb1f51dad"", ""name"": ""Germany"", ""sort-name"": ""Germany"", ""iso-3166-1-codes"": [""DE""]}}], ""track-count"": 19, ""media"": [{""id"": ""89ea583f-4944-3abd-a8a9-cd9b86d53e5e"", ""position"": 1, ""format"": ""CD"", ""track"": [{""id"": ""4b9bad07-3042-4604-94bf-cc498dc2d412"", ""number"": ""12"", ""title"": ""Highpass"", ""length"": 253000}], ""track-count"": 19, ""track-offset"": 11}]}, {""id"": ""2ff25d4e-b51d-4ba5-acae-fdf5ebb863d8"", ""status-id"": ""518ffc83-5cde-34df-8627-81bff5093d92"", ""artist-credit-id"": ""b8f530a4-f138-330c-af85-bb9a302ff60b"", ""count"": 1, ""title"": ""Live @ Womb"", ""status"": ""Promotion"", ""artist-credit"": [{""name"": ""Joey Beltram"", ""artist"": {""id"": ""5330d6d0-711b-415b-93e4-071e46d0d5f2"", ""name"": ""Joey Beltram"", ""sort-name"": ""Beltram, Joey""}}], ""release-group"": {""id"": ""5d152d7a-a18b-4913-8374-4af11e204c21"", ""type-id"": ""dd2a21e1-0c00-3729-a7a0-de60b84eb5d1"", ""primary-type-id"": ""f529b476-6e62-324f-b0aa-1f3e33d313fc"", ""title"": ""Live @ Womb"", ""primary-type"": ""Album"", ""secondary-types"": [""Compilation"", ""DJ-mix""], ""secondary-type-ids"": [""dd2a21e1-0c00-3729-a7a0-de60b84eb5d1"", ""0d47f47a-3fe5-3d69-ac9d-d566c23968bf""]}, ""date"": ""2005"", ""country"": ""DE"", ""release-events"": [{""date"": ""2005"", ""area"": {""id"": ""85752fda-13c4-31a3-bee5-0e5cb1f51dad"", ""name"": ""Germany"", ""sort-name"": ""Germany"", ""iso-3166-1-codes"": [""DE""]}}], ""track-count"": 19, ""media"": [{""id"": ""86fc2395-53a0-36a9-b78a-360345191a18"", ""position"": 1, ""format"": ""CD"", ""track"": [{""id"": ""ad454af6-997c-4455-b017-d6c083459775"", ""number"": ""12"", ""title"": ""Highpass"", ""length"": 253000}], ""track-count"": 19, ""track-offset"": 11}]}], ""tags"": [{""count"": 1, ""name"": ""electronic""}, {""count"": 1, ""name"": ""techno""}, {""count"": 1, ""name"": ""tech house""}, {""count"": 1, ""name"": ""hard house""}]}, {""id"": ""1f2fada8-6d1b-41f0-a3d8-2f2bdf8552fb"", ""score"": 100, ""artist-credit-id"": ""93044951-4d5f-369d-8c2c-a001a8ec9c87"", ""title"": ""Highpass"", ""length"": 303000, ""video"": null, ""artist-credit"": [{""name"": ""ChaseR"", ""artist"": {""id"": ""48ee5800-2b56-4602-9522-bf6eb5da9f41"", ""name"": ""ChaseR"", ""sort-name"": ""ChaseR"", ""disambiguation"": ""drum n bass producer"", ""aliases"": [{""sort-name"": ""Nikeshin, Igor"", ""name"": ""Igor Nikeshin"", ""locale"": null, ""type"": null, ""primary"": null, ""begin-date"": null, ""end-date"": null}, {""sort-name"": ""Sergeevich, Nikeshin Igor"", ""type-id"": ""d4dcd0c0-b341-3612-a332-c0ce797b25cf"", ""name"": ""Nikeshin Igor Sergeevich"", ""locale"": null, ""type"": ""Legal name"", ""primary"": null, ""begin-date"": null, ""end-date"": null}, {""sort-name"": ""ChaseR"", ""type-id"": ""894afba6-2816-3c24-8072-eadb66bd04bc"", ""name"": ""ChaseR"", ""locale"": null, ""type"": ""Artist name"", ""primary"": null, ""begin-date"": null, ""end-date"": null}, {""sort-name"": ""IgorChase"", ""type-id"": ""1937e404-b981-3cb7-8151-4c86ebfc8d8e"", ""name"": ""IgorChase"", ""locale"": null, ""type"": ""Search hint"", ""primary"": null, ""begin-date"": null, ""end-date"": null}]}}], ""first-release-date"": ""2016-03-25"", ""releases"": [{""id"": ""2d4f6b1e-19ef-4bc0-85b3-f4b6d638f48a"", ""status-id"": ""4e304316-386d-3409-af2e-78857eec5cfe"", ""artist-credit-id"": ""949a7fd5-fe73-3e8f-922e-01ff4ca958f7"", ""count"": 1, ""title"": ""Ignescent 002"", ""status"": ""Official"", ""artist-credit"": [{""name"": ""Various Artists"", ""artist"": {""id"": ""89ad4ac3-39f7-470e-963a-56509c546377"", ""name"": ""Various Artists"", ""sort-name"": ""Various Artists"", ""disambiguation"": ""add compilations to this artist""}}], ""release-group"": {""id"": ""8eeb0103-d644-47fa-8fc8-049daee0c3e5"", ""type-id"": ""6d0c5bf6-7a33-3420-a519-44fc63eedebf"", ""primary-type-id"": ""6d0c5bf6-7a33-3420-a519-44fc63eedebf"", ""title"": ""Ignescent 002"", ""primary-type"": ""EP""}, ""date"": ""2016-03-25"", ""country"": ""XW"", ""release-events"": [{""date"": ""2016-03-25"", ""area"": {""id"": ""525d4e18-3d00-31b9-a58b-a146a916de8f"", ""name"": ""[Worldwide]"", ""sort-name"": ""[Worldwide]"", ""iso-3166-1-codes"": [""XW""]}}], ""track-count"": 4, ""media"": [{""id"": ""921807d3-5dcf-3e38-8095-60b02ce17ae8"", ""position"": 1, ""format"": ""Digital Media"", ""track"": [{""id"": ""75a35d6a-43f5-466e-aa24-e4d154ee7275"", ""number"": ""2"", ""title"": ""Highpass"", ""length"": 303000}], ""track-count"": 4, ""track-offset"": 1}]}, {""id"": ""43c596fa-51d7-4d75-aab3-fa67c381dbee"", ""status-id"": ""4e304316-386d-3409-af2e-78857eec5cfe"", ""artist-credit-id"": ""949a7fd5-fe73-3e8f-922e-01ff4ca958f7"", ""count"": 1, ""title"": ""Ignescent Chronicles 001"", ""status"": ""Official"", ""artist-credit"": [{""name"": ""Various Artists"", ""artist"": {""id"": ""89ad4ac3-39f7-470e-963a-56509c546377"", ""name"": ""Various Artists"", ""sort-name"": ""Various Artists"", ""disambiguation"": ""add compilations to this artist""}}], ""release-group"": {""id"": ""f6b0288a-962b-436f-8fe3-b74074d6e144"", ""type-id"": ""dd2a21e1-0c00-3729-a7a0-de60b84eb5d1"", ""primary-type-id"": ""f529b476-6e62-324f-b0aa-1f3e33d313fc"", ""title"": ""Ignescent Chronicles 001"", ""primary-type"": ""Album"", ""secondary-types"": [""Compilation""], ""secondary-type-ids"": [""dd2a21e1-0c00-3729-a7a0-de60b84eb5d1""]}, ""date"": ""2017-04-02"", ""country"": ""XW"", ""release-events"": [{""date"": ""2017-04-02"", ""area"": {""id"": ""525d4e18-3d00-31b9-a58b-a146a916de8f"", ""name"": ""[Worldwide]"", ""sort-name"": ""[Worldwide]"", ""iso-3166-1-codes"": [""XW""]}}], ""track-count"": 10, ""media"": [{""id"": ""6d057e6e-a4cd-319e-a7df-648c885466ab"", ""position"": 1, ""format"": ""Digital Media"", ""track"": [{""id"": ""c43a15a9-e5b9-4a27-8e1a-90af8009b21b"", ""number"": ""3"", ""title"": ""Highpass"", ""length"": 303358}], ""track-count"": 10, ""track-offset"": 2}]}], ""isrcs"": [""GB8KE1554149"", ""GB8KE1652895""]}, {""id"": ""cdf80263-58a6-4717-a0f7-dae835b1a81a"", ""score"": 94, ""artist-credit-id"": ""48ac16f5-fb5b-3696-a1a7-0509815a35d1"", ""title"": ""Second Spring"", ""length"": 213860, ""video"": null, ""artist-credit"": [{""name"": ""Highpass"", ""artist"": {""id"": ""297c157c-c519-4c78-9114-bbb1a975bf59"", ""name"": ""Highpass"", ""sort-name"": ""Highpass"", ""disambiguation"": ""drum & bass artist; Shane West"", ""aliases"": [{""sort-name"": ""user-839376272"", ""type-id"": ""1937e404-b981-3cb7-8151-4c86ebfc8d8e"", ""name"": ""user-839376272"", ""locale"": null, ""type"": ""Search hint"", ""primary"": null, ""begin-date"": null, ""end-date"": null}, {""sort-name"": ""highpassdnb"", ""type-id"": ""1937e404-b981-3cb7-8151-4c86ebfc8d8e"", ""name"": ""highpassdnb"", ""locale"": null, ""type"": ""Search hint"", ""primary"": null, ""begin-date"": null, ""end-date"": null}, {""sort-name"": ""highpass12"", ""type-id"": ""1937e404-b981-3cb7-8151-4c86ebfc8d8e"", ""name"": ""highpass12"", ""locale"": null, ""type"": ""Search hint"", ""primary"": null, ""begin-date"": null, ""end-date"": null}, {""sort-name"": ""West, Shane"", ""type-id"": ""d4dcd0c0-b341-3612-a332-c0ce797b25cf"", ""name"": ""Shane West"", ""locale"": null, ""type"": ""Legal name"", ""primary"": null, ""begin-date"": null, ""end-date"": null}]}}], ""first-release-date"": ""2022-02-18"", ""releases"": [{""id"": ""5fa32b31-675f-4306-99c2-8603e1ed9c60"", ""status-id"": ""4e304316-386d-3409-af2e-78857eec5cfe"", ""artist-credit-id"": ""48ac16f5-fb5b-3696-a1a7-0509815a35d1"", ""count"": 1, ""title"": ""One Journey"", ""status"": ""Official"", ""artist-credit"": [{""name"": ""Highpass"", ""artist"": {""id"": ""297c157c-c519-4c78-9114-bbb1a975bf59"", ""name"": ""Highpass"", ""sort-name"": ""Highpass"", ""disambiguation"": ""drum & bass artist; Shane West""}}], ""release-group"": {""id"": ""c5ee4e33-ef31-464f-87e8-d36d2bf5072f"", ""type-id"": ""6d0c5bf6-7a33-3420-a519-44fc63eedebf"", ""primary-type-id"": ""6d0c5bf6-7a33-3420-a519-44fc63eedebf"", ""title"": ""One Journey"", ""primary-type"": ""EP""}, ""date"": ""2022-02-18"", ""country"": ""XW"", ""release-events"": [{""date"": ""2022-02-18"", ""area"": {""id"": ""525d4e18-3d00-31b9-a58b-a146a916de8f"", ""name"": ""[Worldwide]"", ""sort-name"": ""[Worldwide]"", ""iso-3166-1-codes"": [""XW""]}}], ""track-count"": 4, ""media"": [{""id"": ""8f72e967-da60-3990-bf07-4fdb3e204c2f"", ""position"": 1, ""format"": ""Digital Media"", ""track"": [{""id"": ""bf80dc21-5118-45a1-a258-3b7e0dca6ee1"", ""number"": ""3"", ""title"": ""Second Spring"", ""length"": 213860}], ""track-count"": 4, ""track-offset"": 2}]}], ""isrcs"": [""FR10S2254204""]}, {""id"": ""372de56f-8f5f-4737-8da3-3fae30bc85c4"", ""score"": 94, ""artist-credit-id"": ""48ac16f5-fb5b-3696-a1a7-0509815a35d1"", ""title"": ""Temptation"", ""length"": 250992, ""video"": null, ""artist-credit"": [{""name"": ""Highpass"", ""artist"": {""id"": ""297c157c-c519-4c78-9114-bbb1a975bf59"", ""name"": ""Highpass"", ""sort-name"": ""Highpass"", ""disambiguation"": ""drum & bass artist; Shane West"", ""aliases"": [{""sort-name"": ""user-839376272"", ""type-id"": ""1937e404-b981-3cb7-8151-4c86ebfc8d8e"", ""name"": ""user-839376272"", ""locale"": null, ""type"": ""Search hint"", ""primary"": null, ""begin-date"": null, ""end-date"": null}, {""sort-name"": ""highpassdnb"", ""type-id"": ""1937e404-b981-3cb7-8151-4c86ebfc8d8e"", ""name"": ""highpassdnb"", ""locale"": null, ""type"": ""Search hint"", ""primary"": null, ""begin-date"": null, ""end-date"": null}, {""sort-name"": ""highpass12"", ""type-id"": ""1937e404-b981-3cb7-8151-4c86ebfc8d8e"", ""name"": ""highpass12"", ""locale"": null, ""type"": ""Search hint"", ""primary"": null, ""begin-date"": null, ""end-date"": null}, {""sort-name"": ""West, Shane"", ""type-id"": ""d4dcd0c0-b341-3612-a332-c0ce797b25cf"", ""name"": ""Shane West"", ""locale"": null, ""type"": ""Legal name"", ""primary"": null, ""begin-date"": null, ""end-date"": null}]}}], ""first-release-date"": ""2022-02-18"", ""releases"": [{""id"": ""5fa32b31-675f-4306-99c2-8603e1ed9c60"", ""status-id"": ""4e304316-386d-3409-af2e-78857eec5cfe"", ""artist-credit-id"": ""48ac16f5-fb5b-3696-a1a7-0509815a35d1"", ""count"": 1, ""title"": ""One Journey"", ""status"": ""Official"", ""artist-credit"": [{""name"": ""Highpass"", ""artist"": {""id"": ""297c157c-c519-4c78-9114-bbb1a975bf59"", ""name"": ""Highpass"", ""sort-name"": ""Highpass"", ""disambiguation"": ""drum & bass artist; Shane West""}}], ""release-group"": {""id"": ""c5ee4e33-ef31-464f-87e8-d36d2bf5072f"", ""type-id"": ""6d0c5bf6-7a33-3420-a519-44fc63eedebf"", ""primary-type-id"": ""6d0c5bf6-7a33-3420-a519-44fc63eedebf"", ""title"": ""One Journey"", ""primary-type"": ""EP""}, ""date"": ""2022-02-18"", ""country"": ""XW"", ""release-events"": [{""date"": ""2022-02-18"", ""area"": {""id"": ""525d4e18-3d00-31b9-a58b-a146a916de8f"", ""name"": ""[Worldwide]"", ""sort-name"": ""[Worldwide]"", ""iso-3166-1-codes"": [""XW""]}}], ""track-count"": 4, ""media"": [{""id"": ""8f72e967-da60-3990-bf07-4fdb3e204c2f"", ""position"": 1, ""format"": ""Digital Media"", ""track"": [{""id"": ""c4b6a197-7b4d-48d8-99b6-b6843298a805"", ""number"": ""4"", ""title"": ""Temptation"", ""length"": 250992}], ""track-count"": 4, ""track-offset"": 3}]}], ""isrcs"": [""FR10S2254205""]}, {""id"": ""d0712a90-86f5-4d24-9872-044de4f26b2c"", ""score"": 94, ""artist-credit-id"": ""48ac16f5-fb5b-3696-a1a7-0509815a35d1"", ""title"": ""Another Horizon"", ""length"": 273229, ""video"": null, ""artist-credit"": [{""name"": ""Highpass"", ""artist"": {""id"": ""297c157c-c519-4c78-9114-bbb1a975bf59"", ""name"": ""Highpass"", ""sort-name"": ""Highpass"", ""disambiguation"": ""drum & bass artist; Shane West"", ""aliases"": [{""sort-name"": ""user-839376272"", ""type-id"": ""1937e404-b981-3cb7-8151-4c86ebfc8d8e"", ""name"": ""user-839376272"", ""locale"": null, ""type"": ""Search hint"", ""primary"": null, ""begin-date"": null, ""end-date"": null}, {""sort-name"": ""highpassdnb"", ""type-id"": ""1937e404-b981-3cb7-8151-4c86ebfc8d8e"", ""name"": ""highpassdnb"", ""locale"": null, ""type"": ""Search hint"", ""primary"": null, ""begin-date"": null, ""end-date"": null}, {""sort-name"": ""highpass12"", ""type-id"": ""1937e404-b981-3cb7-8151-4c86ebfc8d8e"", ""name"": ""highpass12"", ""locale"": null, ""type"": ""Search hint"", ""primary"": null, ""begin-date"": null, ""end-date"": null}, {""sort-name"": ""West, Shane"", ""type-id"": ""d4dcd0c0-b341-3612-a332-c0ce797b25cf"", ""name"": ""Shane West"", ""locale"": null, ""type"": ""Legal name"", ""primary"": null, ""begin-date"": null, ""end-date"": null}]}}], ""first-release-date"": ""2022-08-12"", ""releases"": [{""id"": ""2f2e5d02-a4d3-41cc-b2b9-0ffbcf725413"", ""status-id"": ""4e304316-386d-3409-af2e-78857eec5cfe"", ""artist-credit-id"": ""48ac16f5-fb5b-3696-a1a7-0509815a35d1"", ""count"": 1, ""title"": ""Another Horizon"", ""status"": ""Official"", ""artist-credit"": [{""name"": ""Highpass"", ""artist"": {""id"": ""297c157c-c519-4c78-9114-bbb1a975bf59"", ""name"": ""Highpass"", ""sort-name"": ""Highpass"", ""disambiguation"": ""drum & bass artist; Shane West""}}], ""release-group"": {""id"": ""644d03d4-d4f0-4b53-802a-71aa571acc0f"", ""type-id"": ""d6038452-8ee0-3f68-affc-2de9a1ede0b9"", ""primary-type-id"": ""d6038452-8ee0-3f68-affc-2de9a1ede0b9"", ""title"": ""Another Horizon"", ""primary-type"": ""Single""}, ""date"": ""2022-08-12"", ""country"": ""XW"", ""release-events"": [{""date"": ""2022-08-12"", ""area"": {""id"": ""525d4e18-3d00-31b9-a58b-a146a916de8f"", ""name"": ""[Worldwide]"", ""sort-name"": ""[Worldwide]"", ""iso-3166-1-codes"": [""XW""]}}], ""track-count"": 1, ""media"": [{""id"": ""f8f2d1a7-a1f0-3e03-95ac-e995dcd89f57"", ""position"": 1, ""format"": ""Digital Media"", ""track"": [{""id"": ""1bbf5582-d758-4a5d-8ff0-f81522d0f505"", ""number"": ""1"", ""title"": ""Another Horizon"", ""length"": 273229}], ""track-count"": 1, ""track-offset"": 0}]}], ""isrcs"": [""FRX202277486""]}]}",1782727255.4073496
lastfm,248e011f716339ebac3c0e613b0138aa00d936fcf491a25fb18d063289a75728,200,"{""track"": {""name"": ""Golden Hour"", ""url"": ""https://www.last.fm/music/217HALO/_/Golden+Hour"", ""duration"": ""167000"", ""streamable"": {""#text"": ""0"", ""fulltrack"": ""0""}, ""listeners"": ""117"", ""playcount"": ""292"", ""artist"": {""name"": ""217HALO"", ""url"": ""https://www.last.fm/music/217HALO""}, ""album"": {""artist"": ""217HALO"", ""title"": ""Golden Hour"", ""url"": ""https://www.last.fm/music/217HALO/Golden+Hour"", ""image"": [{""#text"": """", ""size"": ""small""}, {""#text"": """", ""size"": ""medium""}, {""#text"": """", ""size"": ""large""}, {""#text"": """", ""size"": ""extralarge""}]}, ""toptags"": {""tag"": []}}}",1783497008.785081
spotify,46ad65333e945d2685078afed450c4905326e62438525b4e4995fb2618a8eab4,200,"{""tracks"": {""href"": ""https://api.spotify.com/v1/search?offset=0&limit=5&query=track%3A%22Golden%20Hour%22%20artist%3A%22217HALO%22&type=track"", ""limit"": 5, ""next"": null, ""offset"": 0, ""previous"": null, ""total"": 0, ""items"": [{""album"": {""album_type"": ""single"", ""artists"": [{""external_urls"": {""spotify"": ""https://open.spotify.com/artist/0yTJU6eTZ1LJfd37cICZul""}, ""href"": ""https://api.spotify.com/v1/artists/0yTJU6eTZ1LJfd37cICZul"", ""id"": ""0yTJU6eTZ1LJfd37cICZul"", ""name"": ""217HALO"", ""type"": ""artist"", ""uri"": ""spotify:artist:0yTJU6eTZ1LJfd37cICZul""}], ""available_markets"": [""AR"", ""AU"", ""AT"", ""BE"", ""BO"", ""BR"", ""BG"", ""CA"", ""CL"", ""CO"", ""CR"", ""CY"", ""CZ"", ""DK"", ""DO"", ""DE"", ""EC"", ""EE"", ""SV"", ""FI"", ""FR"", ""GR"", ""GT"", ""HN"", ""HK"", ""HU"", ""IS"", ""IE"", ""IT"", ""LV"", ""LT"", ""LU"", ""MY"", ""MT"", ""MX"", ""NL"", ""NZ"", ""NI"", ""NO"", ""PA"", ""PY"", ""PE"", ""PH"", ""PL"", ""PT"", ""SG"", ""SK"", ""ES"", ""SE"", ""CH"", ""TW"", ""TR"", ""UY"", ""US"", ""GB"", ""AD"", ""LI"", ""MC"", ""ID"", ""JP"", ""TH"", ""VN"", ""RO"", ""IL"", ""ZA"", ""SA"", ""AE"", ""BH"", ""QA"", ""OM"", ""KW"", ""EG"", ""MA"", ""DZ"", ""TN"", ""LB"", ""JO"", ""PS"", ""IN"", ""KZ"", ""MD"", ""UA"", ""AL"", ""BA"", ""HR"", ""ME"", ""MK"", ""RS"", ""SI"", ""KR"", ""BD"", ""PK"", ""LK"", ""GH"", ""KE"", ""NG"", ""TZ"", ""UG"", ""AG"", ""AM"", ""BS"", ""BB"", ""BZ"", ""BT"", ""BW"", ""BF"", ""CV"", ""CW"", ""DM"", ""FJ"", ""GM"", ""GE"", ""GD"", ""GW"", ""GY"", ""HT"", ""JM"", ""KI"", ""LS"", ""LR"", ""MW"", ""MV"", ""ML"", ""MH"", ""FM"", ""NA"", ""NR"", ""NE"", ""PW"", ""PG"", ""PR"", ""WS"", ""SM"", ""ST"", ""SN"", ""SC"", ""SL"", ""SB"", ""KN"", ""LC"", ""VC"", ""SR"", ""TL"", ""TO"", ""TT"", ""TV"", ""VU"", ""AZ"", ""BN"", ""BI"", ""KH"", ""CM"", ""TD"", ""KM"", ""GQ"", ""SZ"", ""GA"", ""GN"", ""KG"", ""LA"", ""MO"", ""MR"", ""MN"", ""NP"", ""RW"", ""TG"", ""UZ"", ""ZW"", ""BJ"", ""MG"", ""MU"", ""MZ"", ""AO"", ""CI"", ""DJ"", ""ZM"", ""CD"", ""CG"", ""IQ"", ""LY"", ""TJ"", ""VE"", ""ET"", ""XK""], ""external_urls"": {""spotify"": ""https://open.spotify.com/album/4MhAQzesgkBSEksphRHYZr""}, ""href"": ""https://api.spotify.com/v1/albums/4MhAQzesgkBSEksphRHYZr"", ""id"": ""4MhAQzesgkBSEksphRHYZr"", ""images"": [{""height"": 640, ""width"": 640, ""url"": ""https://i.scdn.co/image/ab67616d0000b273dce87831a9bd0548c44e3877""}, {""height"": 300, ""width"": 300, ""url"": ""https://i.scdn.co/image/ab67616d00001e02dce87831a9bd0548c44e3877""}, {""height"": 64, ""width"": 64, ""url"": ""https://i.scdn.co/image/ab67616d00004851dce87831a9bd0548c44e3877""}], ""is_playable"": true, ""name"": ""Golden Hour"", ""release_date"": ""2026-04-21"", ""release_date_precision"": ""day"", ""total_tracks"": 1, ""type"": ""album"", ""uri"": ""spotify:album:4MhAQzesgkBSEksphRHYZr""}, ""artists"": [{""external_urls"": {""spotify"": ""https://open.spotify.com/artist/0yTJU6eTZ1LJfd37cICZul""}, ""href"": ""https://api.spotify.com/v1/artists/0yTJU6eTZ1LJfd37cICZul"", ""id"": ""0yTJU6eTZ1LJfd37cICZul"", ""name"": ""217HALO"", ""type"": ""artist"", ""uri"": ""spotify:artist:0yTJU6eTZ1LJfd37cICZul""}], ""available_markets"": [""AR"", ""AU"", ""AT"", ""BE"", ""BO"", ""BR"", ""BG"", ""CA"", ""CL"", ""CO"", ""CR"", ""CY"", ""CZ"", ""DK"", ""DO"", ""DE"", ""EC"", ""EE"", ""SV"", ""FI"", ""FR"", ""GR"", ""GT"", ""HN"", ""HK"", ""HU"", ""IS"", ""IE"", ""IT"", ""LV"", ""LT"", ""LU"", ""MY"", ""MT"", ""MX"", ""NL"", ""NZ"", ""NI"", ""NO"", ""PA"", ""PY"", ""PE"", ""PH"", ""PL"", ""PT"", ""SG"", ""SK"", ""ES"", ""SE"", ""CH"", ""TW"", ""TR"", ""UY"", ""US"", ""GB"", ""AD"", ""LI"", ""MC"", ""ID"", ""JP"", ""TH"", ""VN"", ""RO"", ""IL"", ""ZA"", ""SA"", ""AE"", ""BH"", ""QA"", ""OM"", ""KW"", ""EG"", ""MA"", ""DZ"", ""TN"", ""LB"", ""JO"", ""PS"", ""IN"", ""KZ"", ""MD"", ""UA"", ""AL"", ""BA"", ""HR"", ""ME"", ""MK"", ""RS"", ""SI"", ""KR"", ""BD"", ""PK"", ""LK"", ""GH"", ""KE"", ""NG"", ""TZ"", ""UG"", ""AG"", ""AM"", ""BS"", ""BB"", ""BZ"", ""BT"", ""BW"", ""BF"", ""CV"", ""CW"", ""DM"", ""FJ"", ""GM"", ""GE"", ""GD"", ""GW"", ""GY"", ""HT"", ""JM"", ""KI"", ""LS"", ""LR"", ""MW"", ""MV"", ""ML"", ""MH"", ""FM"", ""NA"", ""NR"", ""NE"", ""PW"", ""PG"", ""PR"", ""WS"", ""SM"", ""ST"", ""SN"", ""SC"", ""SL"", ""SB"", ""KN"", ""LC"", ""VC"", ""SR"", ""TL"", ""TO"", ""TT"", ""TV"", ""VU"", ""AZ"", ""BN"", ""BI"", ""KH"", ""CM"", ""TD"", ""KM"", ""GQ"", ""SZ"", ""GA"", ""GN"", ""KG"", ""LA"", ""MO"", ""MR"", ""MN"", ""NP"", ""RW"", ""TG"", ""UZ"", ""ZW"", ""BJ"", ""MG"", ""MU"", ""MZ"", ""AO"", ""CI"", ""DJ"", ""ZM"", ""CD"", ""CG"", ""IQ"", ""LY"", ""TJ"", ""VE"", ""ET"", ""XK""], ""disc_number"": 1, ""duration_ms"": 167610, ""explicit"": false, ""external_ids"": {""isrc"": ""USAT22602233""}, ""external_urls"": {""spotify"": ""https://open.spotify.com/track/5NCl630ClSBIKIdWMeiyFF""}, ""href"": ""https://api.spotify.com/v1/tracks/5NCl630ClSBIKIdWMeiyFF"", ""id"": ""5NCl630ClSBIKIdWMeiyFF"", ""is_local"": false, ""is_playable"": true, ""name"": ""Golden Hour"", ""popularity"": 40, ""preview_url"": null, ""track_number"": 1, ""type"": ""track"", ""uri"": ""spotify:track:5NCl630ClSBIKIdWMeiyFF""}]}}",1783686220.5473988
lastfm,7b9fc44c1e1cb7b3b832fa938b21e9d4be3309c754d8f8ddd17b73abb6943f10,200,"{""track"": {""name"": ""2 People - Highpass Deep Mix"", ""url"": ""https://www.last.fm/music/navara/_/2+People+-+Highpass+Deep+Mix"", ""duration"": ""0"", ""streamable"": {""#text"": ""0"", ""fulltrack"": ""0""}, ""listeners"": ""544"", ""playcount"": ""1933"", ""artist"": {""name"": ""navara"", ""url"": ""https://www.last.fm/music/navara""}, ""toptags"": {""tag"": []}}}",1783686221.5206027
